-- MySQL dump 10.13  Distrib 5.7.17, for Win64 (x86_64)
--
-- Host: 127.0.0.1    Database: university_database_2
-- ------------------------------------------------------
-- Server version	5.5.5-10.1.33-MariaDB

/*!40101 SET @OLD_CHARACTER_SET_CLIENT=@@CHARACTER_SET_CLIENT */;
/*!40101 SET @OLD_CHARACTER_SET_RESULTS=@@CHARACTER_SET_RESULTS */;
/*!40101 SET @OLD_COLLATION_CONNECTION=@@COLLATION_CONNECTION */;
/*!40101 SET NAMES utf8 */;
/*!40103 SET @OLD_TIME_ZONE=@@TIME_ZONE */;
/*!40103 SET TIME_ZONE='+00:00' */;
/*!40014 SET @OLD_UNIQUE_CHECKS=@@UNIQUE_CHECKS, UNIQUE_CHECKS=0 */;
/*!40014 SET @OLD_FOREIGN_KEY_CHECKS=@@FOREIGN_KEY_CHECKS, FOREIGN_KEY_CHECKS=0 */;
/*!40101 SET @OLD_SQL_MODE=@@SQL_MODE, SQL_MODE='NO_AUTO_VALUE_ON_ZERO' */;
/*!40111 SET @OLD_SQL_NOTES=@@SQL_NOTES, SQL_NOTES=0 */;

--
-- Table structure for table `bursary_apps`
--

DROP TABLE IF EXISTS `bursary_apps`;
/*!40101 SET @saved_cs_client     = @@character_set_client */;
/*!40101 SET character_set_client = utf8 */;
CREATE TABLE `bursary_apps` (
  `id` int(10) unsigned NOT NULL AUTO_INCREMENT,
  `user_id` int(11) NOT NULL,
  `distance` varchar(191) COLLATE utf8mb4_unicode_ci DEFAULT NULL,
  `address` varchar(191) COLLATE utf8mb4_unicode_ci DEFAULT NULL,
  `phone_no` varchar(191) COLLATE utf8mb4_unicode_ci DEFAULT NULL,
  `real_name` varchar(191) COLLATE utf8mb4_unicode_ci DEFAULT NULL,
  `new_name` varchar(191) COLLATE utf8mb4_unicode_ci DEFAULT NULL,
  `saved_path` varchar(191) COLLATE utf8mb4_unicode_ci DEFAULT NULL,
  `extension` varchar(191) COLLATE utf8mb4_unicode_ci DEFAULT NULL,
  `uploaded_date` varchar(191) COLLATE utf8mb4_unicode_ci DEFAULT NULL,
  `uploaded_time` varchar(191) COLLATE utf8mb4_unicode_ci DEFAULT NULL,
  `created_at` timestamp NULL DEFAULT NULL,
  `updated_at` timestamp NULL DEFAULT NULL,
  PRIMARY KEY (`id`)
) ENGINE=InnoDB AUTO_INCREMENT=47 DEFAULT CHARSET=utf8mb4 COLLATE=utf8mb4_unicode_ci;
/*!40101 SET character_set_client = @saved_cs_client */;

--
-- Dumping data for table `bursary_apps`
--

LOCK TABLES `bursary_apps` WRITE;
/*!40000 ALTER TABLE `bursary_apps` DISABLE KEYS */;
INSERT INTO `bursary_apps` VALUES (25,7,'45','3434','43434','logo.jpg','1537295228','approval_images/7/1537295228.jpg','jpg','2018-09-18','23:57:08','2018-09-18 12:56:29','2018-09-18 12:57:08'),(27,61,'45km','xvcvc','cvdtr','user-admin-icon.png','1537444195','approval_images/61/1537444195.png','png','2018-09-20','17:19:55','2018-09-20 06:19:47','2018-09-20 06:19:55'),(33,62,NULL,NULL,NULL,NULL,NULL,NULL,NULL,NULL,NULL,'2018-09-23 04:46:10','2018-09-23 04:46:10'),(46,64,'130km','Matara','33454657',NULL,NULL,NULL,NULL,NULL,NULL,'2018-09-25 00:20:13','2018-09-25 00:20:13');
/*!40000 ALTER TABLE `bursary_apps` ENABLE KEYS */;
UNLOCK TABLES;

--
-- Table structure for table `exchanges`
--

DROP TABLE IF EXISTS `exchanges`;
/*!40101 SET @saved_cs_client     = @@character_set_client */;
/*!40101 SET character_set_client = utf8 */;
CREATE TABLE `exchanges` (
  `id` int(10) unsigned NOT NULL AUTO_INCREMENT,
  `user_id` int(10) unsigned DEFAULT NULL,
  `exchange_description` varchar(45) COLLATE utf8mb4_unicode_ci DEFAULT NULL,
  `created_at` timestamp NULL DEFAULT NULL,
  `updated_at` timestamp NULL DEFAULT NULL,
  PRIMARY KEY (`id`),
  KEY `exchanges_user_id_foreign` (`user_id`),
  CONSTRAINT `exchanges_user_id_foreign` FOREIGN KEY (`user_id`) REFERENCES `users` (`id`)
) ENGINE=InnoDB AUTO_INCREMENT=18 DEFAULT CHARSET=utf8mb4 COLLATE=utf8mb4_unicode_ci;
/*!40101 SET character_set_client = @saved_cs_client */;

--
-- Dumping data for table `exchanges`
--

LOCK TABLES `exchanges` WRITE;
/*!40000 ALTER TABLE `exchanges` DISABLE KEYS */;
INSERT INTO `exchanges` VALUES (1,40,NULL,'2018-09-15 13:01:44','2018-09-15 13:01:44'),(2,40,NULL,'2018-09-15 13:02:47','2018-09-15 13:02:47'),(3,42,NULL,'2018-09-15 13:03:21','2018-09-15 13:03:21'),(4,14,NULL,'2018-09-15 13:05:23','2018-09-15 13:05:23'),(5,14,NULL,'2018-09-15 13:05:53','2018-09-15 13:05:53'),(6,8,NULL,'2018-09-15 13:13:22','2018-09-15 13:13:22'),(7,11,NULL,'2018-09-15 13:15:18','2018-09-15 13:15:18'),(8,57,'Change to Mahapola.','2018-09-15 13:16:07','2018-09-15 13:16:07'),(9,14,'Change to Mahapola.','2018-09-15 13:16:38','2018-09-15 13:16:38'),(10,8,'Change to Bursary.','2018-09-15 13:17:09','2018-09-15 13:17:09'),(11,16,'Change to Mahapola.','2018-09-15 13:23:03','2018-09-15 13:23:03'),(12,8,'Change to Mahapola.','2018-09-16 06:00:05','2018-09-16 06:00:05'),(13,1,'Change to Mahapola.','2018-09-20 09:14:12','2018-09-20 09:14:12'),(14,61,'Change to Mahapola.','2018-09-20 10:05:56','2018-09-20 10:05:56'),(15,7,'Change to Bursary.','2018-09-21 07:07:14','2018-09-21 07:07:14'),(16,7,'Change to Mahapola.','2018-09-21 07:10:05','2018-09-21 07:10:05'),(17,88,'Change to Mahapola.','2018-10-11 01:33:51','2018-10-11 01:33:51');
/*!40000 ALTER TABLE `exchanges` ENABLE KEYS */;
UNLOCK TABLES;

--
-- Table structure for table `faculties`
--

DROP TABLE IF EXISTS `faculties`;
/*!40101 SET @saved_cs_client     = @@character_set_client */;
/*!40101 SET character_set_client = utf8 */;
CREATE TABLE `faculties` (
  `id` int(10) unsigned NOT NULL AUTO_INCREMENT,
  `faculty_name` varchar(191) COLLATE utf8mb4_unicode_ci DEFAULT NULL,
  `created_at` timestamp NULL DEFAULT NULL,
  `updated_at` timestamp NULL DEFAULT NULL,
  PRIMARY KEY (`id`),
  UNIQUE KEY `faculties_id_unique` (`id`)
) ENGINE=InnoDB AUTO_INCREMENT=6 DEFAULT CHARSET=utf8mb4 COLLATE=utf8mb4_unicode_ci;
/*!40101 SET character_set_client = @saved_cs_client */;

--
-- Dumping data for table `faculties`
--

LOCK TABLES `faculties` WRITE;
/*!40000 ALTER TABLE `faculties` DISABLE KEYS */;
INSERT INTO `faculties` VALUES (1,'Faculty of science','2018-09-13 06:16:38','2018-09-13 06:16:38'),(2,'Faculty of computing','2018-09-13 06:28:53','2018-09-13 06:28:53'),(3,'Faculty of art','2018-09-13 06:29:11','2018-09-13 06:29:11'),(4,'Faculty of commerce','2018-09-13 06:29:28','2018-09-13 06:29:28'),(5,'Faculty of social science','2018-09-13 06:29:47','2018-09-16 06:57:36');
/*!40000 ALTER TABLE `faculties` ENABLE KEYS */;
UNLOCK TABLES;

--
-- Table structure for table `images`
--

DROP TABLE IF EXISTS `images`;
/*!40101 SET @saved_cs_client     = @@character_set_client */;
/*!40101 SET character_set_client = utf8 */;
CREATE TABLE `images` (
  `id` int(10) unsigned NOT NULL AUTO_INCREMENT,
  `real_name` varchar(191) COLLATE utf8mb4_unicode_ci DEFAULT NULL,
  `new_name` varchar(191) COLLATE utf8mb4_unicode_ci DEFAULT NULL,
  `saved_path` varchar(191) COLLATE utf8mb4_unicode_ci DEFAULT NULL,
  `extension` varchar(191) COLLATE utf8mb4_unicode_ci DEFAULT NULL,
  `uploaded_date` varchar(191) COLLATE utf8mb4_unicode_ci DEFAULT NULL,
  `uploaded_time` varchar(191) COLLATE utf8mb4_unicode_ci DEFAULT NULL,
  `user_id` int(10) unsigned DEFAULT NULL,
  `created_at` timestamp NULL DEFAULT NULL,
  `updated_at` timestamp NULL DEFAULT NULL,
  PRIMARY KEY (`id`),
  UNIQUE KEY `images_id_unique` (`id`),
  KEY `images_user_id_foreign` (`user_id`),
  CONSTRAINT `images_user_id_foreign` FOREIGN KEY (`user_id`) REFERENCES `users` (`id`) ON DELETE CASCADE
) ENGINE=InnoDB AUTO_INCREMENT=13 DEFAULT CHARSET=utf8mb4 COLLATE=utf8mb4_unicode_ci;
/*!40101 SET character_set_client = @saved_cs_client */;

--
-- Dumping data for table `images`
--

LOCK TABLES `images` WRITE;
/*!40000 ALTER TABLE `images` DISABLE KEYS */;
INSERT INTO `images` VALUES (1,'48f9f323ea3249610392fe8246a8fbdd55272aab.jpg','1536985567','images/1/1536985567.jpg','jpg','2018-09-15','09:56:07',1,'2018-09-14 22:56:07','2018-09-14 22:56:07'),(2,'logo.jpg','1536986349','images/10/1536986349.jpg','jpg','2018-09-15','10:09:09',10,'2018-09-14 23:09:09','2018-09-14 23:09:09'),(3,'logo.jpg','1537149513','images/7/1537149513.jpg','jpg','2018-09-17','07:28:33',7,'2018-09-16 20:28:33','2018-09-16 20:28:33'),(4,'48f9f323ea3249610392fe8246a8fbdd55272aab.jpg','1537281352','images/7/1537281352.jpg','jpg','2018-09-18','20:05:52',7,'2018-09-18 09:05:52','2018-09-18 09:05:52'),(5,'user-admin-icon.png','1537286855','images/7/1537286855.png','png','2018-09-18','21:37:35',7,'2018-09-18 10:37:35','2018-09-18 10:37:35'),(6,'user-admin-icon.png','1537442412','images/1/1537442412.png','png','2018-09-20','16:50:12',1,'2018-09-20 05:50:12','2018-09-20 05:50:12'),(7,'images.jpg','1537442859','images/61/1537442859.jpg','jpg','2018-09-20','16:57:39',61,'2018-09-20 05:57:39','2018-09-20 05:57:39'),(8,'48f9f323ea3249610392fe8246a8fbdd55272aab.jpg','1537515661','images/7/1537515661.jpg','jpg','2018-09-21','13:11:01',7,'2018-09-21 02:11:01','2018-09-21 02:11:01'),(9,'48f9f323ea3249610392fe8246a8fbdd55272aab.jpg','1537520482','images/1/1537520482.jpg','jpg','2018-09-21','14:31:22',1,'2018-09-21 03:31:22','2018-09-21 03:31:22'),(10,'user-admin-icon.png','1537532839','images/1/1537532839.png','png','2018-09-21','17:57:19',1,'2018-09-21 06:57:19','2018-09-21 06:57:19'),(11,'48f9f323ea3249610392fe8246a8fbdd55272aab.jpg','1537631416','images/1/1537631416.jpg','jpg','2018-09-22','21:20:16',1,'2018-09-22 10:20:16','2018-09-22 10:20:16'),(12,'flag_sriLanka.gif','1538626983','images/88/1538626983.gif','gif','2018-10-04','09:53:03',88,'2018-10-03 22:53:03','2018-10-03 22:53:03');
/*!40000 ALTER TABLE `images` ENABLE KEYS */;
UNLOCK TABLES;

--
-- Table structure for table `installments`
--

DROP TABLE IF EXISTS `installments`;
/*!40101 SET @saved_cs_client     = @@character_set_client */;
/*!40101 SET character_set_client = utf8 */;
CREATE TABLE `installments` (
  `id` int(10) unsigned NOT NULL AUTO_INCREMENT,
  `user_id` int(10) unsigned DEFAULT NULL,
  `period_id` int(10) unsigned DEFAULT NULL,
  `signature` varchar(191) COLLATE utf8mb4_unicode_ci DEFAULT NULL,
  `payment` double DEFAULT NULL,
  `scholership_type_id` int(11) DEFAULT NULL,
  `number_of_attempts` int(11) DEFAULT NULL,
  `created_at` timestamp NULL DEFAULT NULL,
  `updated_at` timestamp NULL DEFAULT NULL,
  PRIMARY KEY (`id`),
  UNIQUE KEY `installments_id_unique` (`id`),
  KEY `installments_user_id_foreign` (`user_id`),
  KEY `installments_period_id_foreign` (`period_id`),
  CONSTRAINT `installments_period_id_foreign` FOREIGN KEY (`period_id`) REFERENCES `periods` (`id`) ON DELETE CASCADE,
  CONSTRAINT `installments_user_id_foreign` FOREIGN KEY (`user_id`) REFERENCES `users` (`id`)
) ENGINE=InnoDB AUTO_INCREMENT=502 DEFAULT CHARSET=utf8mb4 COLLATE=utf8mb4_unicode_ci;
/*!40101 SET character_set_client = @saved_cs_client */;

--
-- Dumping data for table `installments`
--

LOCK TABLES `installments` WRITE;
/*!40000 ALTER TABLE `installments` DISABLE KEYS */;
INSERT INTO `installments` VALUES (52,5,5,'signed',5000,1,NULL,'2018-09-13 09:49:11','2018-09-13 09:49:11'),(53,6,5,'signed',5000,1,NULL,'2018-09-13 09:49:15','2018-09-13 09:49:15'),(54,7,5,'signed',5000,1,NULL,'2018-09-13 09:49:20','2018-09-13 09:49:20'),(55,8,5,'signed',4500,2,NULL,'2018-09-13 09:49:24','2018-09-13 09:49:24'),(56,9,5,'signed',5000,1,NULL,'2018-09-13 09:49:27','2018-09-13 09:49:27'),(57,10,5,'signed',4500,2,NULL,'2018-09-13 09:49:30','2018-09-13 09:49:30'),(58,11,5,'signed',5000,1,NULL,'2018-09-13 09:49:33','2018-09-13 09:49:33'),(59,12,5,'signed',4500,2,NULL,'2018-09-13 09:49:37','2018-09-13 09:49:37'),(60,13,5,'signed',5000,1,NULL,'2018-09-13 09:49:40','2018-09-13 09:49:40'),(61,14,5,'signed',4500,2,NULL,'2018-09-13 09:49:44','2018-09-13 09:49:44'),(62,15,5,'signed',5000,1,NULL,'2018-09-13 09:49:48','2018-09-13 09:49:48'),(63,16,5,'signed',4500,2,NULL,'2018-09-13 09:49:51','2018-09-13 09:49:51'),(64,17,5,'signed',5000,1,NULL,'2018-09-13 09:49:55','2018-09-13 09:49:55'),(65,18,5,'signed',4500,2,NULL,'2018-09-13 09:49:59','2018-09-13 09:49:59'),(66,19,5,'signed',5000,1,NULL,'2018-09-13 09:50:02','2018-09-13 09:50:02'),(67,20,5,'signed',4500,2,NULL,'2018-09-13 09:50:06','2018-09-13 09:50:06'),(68,21,5,'signed',5000,1,NULL,'2018-09-13 09:50:09','2018-09-13 09:50:09'),(69,22,5,'signed',4500,2,NULL,'2018-09-13 09:50:13','2018-09-13 09:50:13'),(70,23,5,'signed',5000,1,NULL,'2018-09-13 09:50:17','2018-09-13 09:50:17'),(71,24,5,'signed',4500,2,NULL,'2018-09-13 09:50:20','2018-09-13 09:50:20'),(72,25,5,'signed',5000,1,NULL,'2018-09-13 09:50:23','2018-09-13 09:50:23'),(73,26,5,'signed',4500,2,NULL,'2018-09-13 09:50:27','2018-09-13 09:50:27'),(74,27,5,'signed',5000,1,NULL,'2018-09-13 09:50:31','2018-09-13 09:50:31'),(75,28,5,'signed',4500,2,NULL,'2018-09-13 09:50:35','2018-09-13 09:50:35'),(76,29,5,'signed',5000,1,NULL,'2018-09-13 09:50:38','2018-09-13 09:50:38'),(77,30,5,'signed',4500,2,NULL,'2018-09-13 09:50:43','2018-09-13 09:50:43'),(78,31,5,'signed',5000,1,NULL,'2018-09-13 09:50:48','2018-09-13 09:50:48'),(79,32,5,'signed',4500,2,NULL,'2018-09-13 09:50:52','2018-09-13 09:50:52'),(80,33,5,'signed',5000,1,NULL,'2018-09-13 09:50:56','2018-09-13 09:50:56'),(81,34,5,'signed',4500,2,NULL,'2018-09-13 09:50:59','2018-09-13 09:50:59'),(82,35,5,'signed',5000,1,NULL,'2018-09-13 09:51:02','2018-09-13 09:51:02'),(83,36,5,'signed',4500,2,NULL,'2018-09-13 09:51:06','2018-09-13 09:51:06'),(84,37,5,'signed',5000,1,NULL,'2018-09-13 09:51:11','2018-09-13 09:51:11'),(85,38,5,'signed',4500,2,NULL,'2018-09-13 09:51:14','2018-09-13 09:51:14'),(86,39,5,'signed',5000,1,NULL,'2018-09-13 09:51:19','2018-09-13 09:51:19'),(87,40,5,'signed',4500,2,NULL,'2018-09-13 09:51:23','2018-09-13 09:51:23'),(88,41,5,'signed',5000,1,NULL,'2018-09-13 09:51:30','2018-09-13 09:51:30'),(89,42,5,'signed',4500,2,NULL,'2018-09-13 09:51:34','2018-09-13 09:51:34'),(90,43,5,'signed',5000,1,NULL,'2018-09-13 09:51:38','2018-09-13 09:51:38'),(91,44,5,'signed',4500,2,NULL,'2018-09-13 09:51:40','2018-09-13 09:51:40'),(92,45,5,'signed',5000,1,NULL,'2018-09-13 09:51:45','2018-09-13 09:51:45'),(93,46,5,'signed',4500,2,NULL,'2018-09-13 09:51:49','2018-09-13 09:51:49'),(94,47,5,'signed',5000,1,NULL,'2018-09-13 09:51:53','2018-09-13 09:51:53'),(95,48,5,'signed',4500,2,NULL,'2018-09-13 09:51:56','2018-09-13 09:51:56'),(96,49,5,'signed',5000,1,NULL,'2018-09-13 09:51:59','2018-09-13 09:51:59'),(97,50,5,'signed',4500,2,NULL,'2018-09-13 09:52:06','2018-09-13 09:52:06'),(98,51,5,'signed',5000,1,NULL,'2018-09-13 09:52:10','2018-09-13 09:52:10'),(99,52,5,'signed',4500,2,NULL,'2018-09-13 09:52:14','2018-09-13 09:52:14'),(100,53,5,'signed',5000,1,NULL,'2018-09-13 09:52:17','2018-09-13 09:52:17'),(101,54,5,'signed',4500,2,NULL,'2018-09-13 09:52:21','2018-09-13 09:52:21'),(102,55,5,'signed',5000,1,NULL,'2018-09-13 09:52:24','2018-09-13 09:52:24'),(103,5,6,'signed',5000,1,NULL,'2018-09-13 09:53:55','2018-09-13 09:53:55'),(104,6,6,'signed',5000,1,NULL,'2018-09-13 09:53:59','2018-09-13 09:53:59'),(105,7,6,'signed',5000,1,NULL,'2018-09-13 09:54:02','2018-09-13 09:54:02'),(106,8,6,'signed',4500,2,NULL,'2018-09-13 09:54:06','2018-09-13 09:54:06'),(107,9,6,'signed',5000,1,NULL,'2018-09-13 09:54:09','2018-09-13 09:54:09'),(108,10,6,'signed',4500,2,NULL,'2018-09-13 09:54:12','2018-09-13 09:54:12'),(109,11,6,'signed',5000,1,NULL,'2018-09-13 09:54:15','2018-09-13 09:54:15'),(110,12,6,'signed',4500,2,NULL,'2018-09-13 09:54:19','2018-09-13 09:54:19'),(111,13,6,'signed',5000,1,NULL,'2018-09-13 09:54:22','2018-09-13 09:54:22'),(112,14,6,'signed',4500,2,NULL,'2018-09-13 09:54:25','2018-09-13 09:54:25'),(113,15,6,'signed',5000,1,NULL,'2018-09-13 09:54:28','2018-09-13 09:54:28'),(114,16,6,'signed',4500,2,NULL,'2018-09-13 09:54:33','2018-09-13 09:54:33'),(115,17,6,'signed',5000,1,NULL,'2018-09-13 09:54:36','2018-09-13 09:54:36'),(116,18,6,'signed',4500,2,NULL,'2018-09-13 09:54:40','2018-09-13 09:54:40'),(117,19,6,'signed',5000,1,NULL,'2018-09-13 09:54:44','2018-09-13 09:54:44'),(118,20,6,'signed',4500,2,NULL,'2018-09-13 09:54:47','2018-09-13 09:54:47'),(119,21,6,'signed',5000,1,NULL,'2018-09-13 09:54:51','2018-09-13 09:54:51'),(120,22,6,'signed',4500,2,NULL,'2018-09-13 09:54:54','2018-09-13 09:54:54'),(121,23,6,'signed',5000,1,NULL,'2018-09-13 09:54:57','2018-09-13 09:54:57'),(122,24,6,'signed',4500,2,NULL,'2018-09-13 09:55:01','2018-09-13 09:55:01'),(123,25,6,'signed',5000,1,NULL,'2018-09-13 09:55:04','2018-09-13 09:55:04'),(124,26,6,'signed',4500,2,NULL,'2018-09-13 09:55:08','2018-09-13 09:55:08'),(125,27,6,'signed',5000,1,NULL,'2018-09-13 09:55:12','2018-09-13 09:55:12'),(126,28,6,'signed',4500,2,NULL,'2018-09-13 09:55:15','2018-09-13 09:55:15'),(127,29,6,'signed',5000,1,NULL,'2018-09-13 09:55:19','2018-09-13 09:55:19'),(128,30,6,'signed',4500,2,NULL,'2018-09-13 09:55:24','2018-09-13 09:55:24'),(129,31,6,'signed',5000,1,NULL,'2018-09-13 09:55:28','2018-09-13 09:55:28'),(130,32,6,'signed',4500,2,NULL,'2018-09-13 09:55:31','2018-09-13 09:55:31'),(131,33,6,'signed',5000,1,NULL,'2018-09-13 09:55:34','2018-09-13 09:55:34'),(132,34,6,'signed',4500,2,NULL,'2018-09-13 09:55:38','2018-09-13 09:55:38'),(133,35,6,'signed',5000,1,NULL,'2018-09-13 09:55:43','2018-09-13 09:55:43'),(134,36,6,'signed',4500,2,NULL,'2018-09-13 09:55:46','2018-09-13 09:55:46'),(135,37,6,'signed',5000,1,NULL,'2018-09-13 09:55:48','2018-09-13 09:55:48'),(136,38,6,'signed',4500,2,NULL,'2018-09-13 09:55:52','2018-09-13 09:55:52'),(137,39,6,'signed',5000,1,NULL,'2018-09-13 09:55:56','2018-09-13 09:55:56'),(138,40,6,'signed',4500,2,NULL,'2018-09-13 09:56:01','2018-09-13 09:56:01'),(139,41,6,'signed',5000,1,NULL,'2018-09-13 09:56:05','2018-09-13 09:56:05'),(140,42,6,'signed',4500,2,NULL,'2018-09-13 09:56:08','2018-09-13 09:56:08'),(141,43,6,'signed',5000,1,NULL,'2018-09-13 09:56:12','2018-09-13 09:56:12'),(142,44,6,'signed',4500,2,NULL,'2018-09-13 09:56:16','2018-09-13 09:56:16'),(143,45,6,'signed',5000,1,NULL,'2018-09-13 09:56:20','2018-09-13 09:56:20'),(144,46,6,'signed',4500,2,NULL,'2018-09-13 09:56:23','2018-09-13 09:56:23'),(145,47,6,'signed',5000,1,NULL,'2018-09-13 09:56:27','2018-09-13 09:56:27'),(146,48,6,'signed',4500,2,NULL,'2018-09-13 09:56:31','2018-09-13 09:56:31'),(147,49,6,'signed',5000,1,NULL,'2018-09-13 09:56:34','2018-09-13 09:56:34'),(148,50,6,'signed',4500,2,NULL,'2018-09-13 09:56:38','2018-09-13 09:56:38'),(149,51,6,'signed',5000,1,NULL,'2018-09-13 09:56:41','2018-09-13 09:56:41'),(150,52,6,'signed',4500,2,NULL,'2018-09-13 09:56:45','2018-09-13 09:56:45'),(151,53,6,'signed',5000,1,NULL,'2018-09-13 09:56:49','2018-09-13 09:56:49'),(152,54,6,'signed',4500,2,NULL,'2018-09-13 09:56:52','2018-09-13 09:56:52'),(153,55,6,'signed',5000,1,NULL,'2018-09-13 09:56:56','2018-09-13 09:56:56'),(154,5,7,'signed',5000,1,NULL,'2018-09-13 09:57:20','2018-09-13 09:57:20'),(155,6,7,'signed',5000,1,NULL,'2018-09-13 09:57:24','2018-09-13 09:57:24'),(156,7,7,'signed',5000,1,NULL,'2018-09-13 09:57:27','2018-09-13 09:57:27'),(157,8,7,'signed',4500,2,NULL,'2018-09-13 09:57:32','2018-09-13 09:57:32'),(158,9,7,'signed',5000,1,NULL,'2018-09-13 09:57:35','2018-09-13 09:57:35'),(159,10,7,'signed',4500,2,NULL,'2018-09-13 09:57:39','2018-09-13 09:57:39'),(160,11,7,'signed',5000,1,NULL,'2018-09-13 09:57:43','2018-09-13 09:57:43'),(161,13,7,'signed',5000,1,NULL,'2018-09-13 09:57:47','2018-09-13 09:57:47'),(162,14,7,'signed',4500,2,NULL,'2018-09-13 09:57:52','2018-09-13 09:57:52'),(163,15,7,'signed',5000,1,NULL,'2018-09-13 09:57:55','2018-09-13 09:57:55'),(164,16,7,'signed',4500,2,NULL,'2018-09-13 09:57:58','2018-09-13 09:57:58'),(165,17,7,'signed',5000,1,NULL,'2018-09-13 09:58:01','2018-09-13 09:58:01'),(166,18,7,'signed',4500,2,NULL,'2018-09-13 09:58:04','2018-09-13 09:58:04'),(167,19,7,'signed',5000,1,NULL,'2018-09-13 09:58:07','2018-09-13 09:58:07'),(168,20,7,'signed',4500,2,NULL,'2018-09-13 09:58:11','2018-09-13 09:58:11'),(169,21,7,'signed',5000,1,NULL,'2018-09-13 09:58:14','2018-09-13 09:58:14'),(170,22,7,'signed',4500,2,NULL,'2018-09-13 09:58:17','2018-09-13 09:58:17'),(171,23,7,'signed',5000,1,NULL,'2018-09-13 09:58:21','2018-09-13 09:58:21'),(172,24,7,'signed',4500,2,NULL,'2018-09-13 09:58:25','2018-09-13 09:58:25'),(173,25,7,'signed',5000,1,NULL,'2018-09-13 09:58:28','2018-09-13 09:58:28'),(174,26,7,'signed',4500,2,NULL,'2018-09-13 09:58:33','2018-09-13 09:58:33'),(175,27,7,'signed',5000,1,NULL,'2018-09-13 09:58:36','2018-09-13 09:58:36'),(176,28,7,'signed',4500,2,NULL,'2018-09-13 09:58:39','2018-09-13 09:58:39'),(177,29,7,'signed',5000,1,NULL,'2018-09-13 09:58:43','2018-09-13 09:58:43'),(178,30,7,'signed',4500,2,NULL,'2018-09-13 09:58:48','2018-09-13 09:58:48'),(179,31,7,'signed',5000,1,NULL,'2018-09-13 09:58:52','2018-09-13 09:58:52'),(180,32,7,'signed',4500,2,NULL,'2018-09-13 09:58:55','2018-09-13 09:58:55'),(181,33,7,'signed',5000,1,NULL,'2018-09-13 09:58:59','2018-09-13 09:58:59'),(182,34,7,'signed',4500,2,NULL,'2018-09-13 09:59:02','2018-09-13 09:59:02'),(183,35,7,'signed',5000,1,NULL,'2018-09-13 09:59:05','2018-09-13 09:59:05'),(184,36,7,'signed',4500,2,NULL,'2018-09-13 09:59:07','2018-09-13 09:59:07'),(185,37,7,'signed',5000,1,NULL,'2018-09-13 09:59:10','2018-09-13 09:59:10'),(186,38,7,'signed',4500,2,NULL,'2018-09-13 09:59:16','2018-09-13 09:59:16'),(187,39,7,'signed',5000,1,NULL,'2018-09-13 09:59:20','2018-09-13 09:59:20'),(188,40,7,'signed',4500,2,NULL,'2018-09-13 09:59:24','2018-09-13 09:59:24'),(189,41,7,'signed',5000,1,NULL,'2018-09-13 09:59:28','2018-09-13 09:59:28'),(190,42,7,'signed',4500,2,NULL,'2018-09-13 09:59:31','2018-09-13 09:59:31'),(191,43,7,'signed',5000,1,NULL,'2018-09-13 09:59:35','2018-09-13 09:59:35'),(192,44,7,'signed',4500,2,NULL,'2018-09-13 09:59:39','2018-09-13 09:59:39'),(193,45,7,'signed',5000,1,NULL,'2018-09-13 09:59:42','2018-09-13 09:59:42'),(194,46,7,'signed',4500,2,NULL,'2018-09-13 09:59:45','2018-09-13 09:59:45'),(195,47,7,'signed',5000,1,NULL,'2018-09-13 09:59:48','2018-09-13 09:59:48'),(196,48,7,'signed',4500,2,NULL,'2018-09-13 09:59:51','2018-09-13 09:59:51'),(197,49,7,'signed',5000,1,NULL,'2018-09-13 09:59:54','2018-09-13 09:59:54'),(198,50,7,'signed',4500,2,NULL,'2018-09-13 09:59:58','2018-09-13 09:59:58'),(199,51,7,'signed',5000,1,NULL,'2018-09-13 10:00:01','2018-09-13 10:00:01'),(200,52,7,'signed',4500,2,NULL,'2018-09-13 10:00:04','2018-09-13 10:00:04'),(201,53,7,'signed',5000,1,NULL,'2018-09-13 10:00:08','2018-09-13 10:00:08'),(202,1,8,'signed',NULL,NULL,NULL,'2018-09-13 10:00:56','2018-09-13 10:00:56'),(206,5,8,'signed',5000,1,NULL,'2018-09-13 10:01:10','2018-09-13 10:01:10'),(207,10,8,'signed',4500,2,NULL,'2018-09-13 10:01:20','2018-09-13 10:01:20'),(208,15,8,'signed',5000,1,NULL,'2018-09-13 10:01:23','2018-09-13 10:01:23'),(209,16,8,'signed',4500,2,NULL,'2018-09-13 10:01:28','2018-09-13 10:01:28'),(210,17,8,'signed',5000,1,NULL,'2018-09-13 10:01:31','2018-09-13 10:01:31'),(211,18,8,'signed',4500,2,NULL,'2018-09-13 10:01:34','2018-09-13 10:01:34'),(212,19,8,'signed',5000,1,NULL,'2018-09-13 10:01:38','2018-09-13 10:01:38'),(213,20,8,'signed',4500,2,NULL,'2018-09-13 10:01:42','2018-09-13 10:01:42'),(214,25,8,'signed',5000,1,NULL,'2018-09-13 10:01:47','2018-09-13 10:01:47'),(215,26,8,'signed',4500,2,NULL,'2018-09-13 10:01:50','2018-09-13 10:01:50'),(216,27,8,'signed',5000,1,NULL,'2018-09-13 10:01:53','2018-09-13 10:01:53'),(217,28,8,'signed',4500,2,NULL,'2018-09-13 10:01:56','2018-09-13 10:01:56'),(218,29,8,'signed',5000,1,NULL,'2018-09-13 10:01:59','2018-09-13 10:01:59'),(219,30,8,'signed',4500,2,NULL,'2018-09-13 10:02:04','2018-09-13 10:02:04'),(220,35,8,'signed',5000,1,NULL,'2018-09-13 10:02:10','2018-09-13 10:02:10'),(221,36,8,'signed',4500,2,NULL,'2018-09-13 10:02:12','2018-09-13 10:02:12'),(222,37,8,'signed',5000,1,NULL,'2018-09-13 10:02:16','2018-09-13 10:02:16'),(223,38,8,'signed',4500,2,NULL,'2018-09-13 10:02:19','2018-09-13 10:02:19'),(224,39,8,'signed',5000,1,NULL,'2018-09-13 10:02:21','2018-09-13 10:02:21'),(225,40,8,'signed',4500,2,NULL,'2018-09-13 10:02:25','2018-09-13 10:02:25'),(226,45,8,'signed',5000,1,NULL,'2018-09-13 10:02:30','2018-09-13 10:02:30'),(227,46,8,'signed',4500,2,NULL,'2018-09-13 10:02:33','2018-09-13 10:02:33'),(228,47,8,'signed',5000,1,NULL,'2018-09-13 10:02:36','2018-09-13 10:02:36'),(229,48,8,'signed',4500,2,NULL,'2018-09-13 10:02:39','2018-09-13 10:02:39'),(230,49,8,'signed',5000,1,NULL,'2018-09-13 10:02:45','2018-09-13 10:02:45'),(231,50,8,'signed',4500,2,NULL,'2018-09-13 10:02:49','2018-09-13 10:02:49'),(264,5,10,'signed',5000,1,NULL,'2018-09-13 10:05:52','2018-09-13 10:05:52'),(266,7,10,'signed',5000,1,NULL,'2018-09-13 10:05:59','2018-09-13 10:05:59'),(268,10,10,'signed',4500,2,NULL,'2018-09-13 10:06:06','2018-09-13 10:06:06'),(269,12,10,'signed',4500,2,NULL,'2018-09-13 10:06:11','2018-09-13 10:06:11'),(270,14,10,'signed',4500,2,NULL,'2018-09-13 10:06:14','2018-09-13 10:06:14'),(271,16,10,'signed',4500,2,NULL,'2018-09-13 10:06:18','2018-09-13 10:06:18'),(272,18,10,'signed',4500,2,NULL,'2018-09-13 10:06:22','2018-09-13 10:06:22'),(273,20,10,'signed',4500,2,NULL,'2018-09-13 10:06:26','2018-09-13 10:06:26'),(274,22,10,'signed',4500,2,NULL,'2018-09-13 10:06:30','2018-09-13 10:06:30'),(275,24,10,'signed',4500,2,NULL,'2018-09-13 10:06:36','2018-09-13 10:06:36'),(276,26,10,'signed',4500,2,NULL,'2018-09-13 10:06:40','2018-09-13 10:06:40'),(277,28,10,'signed',4500,2,NULL,'2018-09-13 10:06:43','2018-09-13 10:06:43'),(278,30,10,'signed',4500,2,NULL,'2018-09-13 10:06:47','2018-09-13 10:06:47'),(279,32,10,'signed',4500,2,NULL,'2018-09-13 10:06:50','2018-09-13 10:06:50'),(280,34,10,'signed',4500,2,NULL,'2018-09-13 10:06:53','2018-09-13 10:06:53'),(281,36,10,'signed',4500,2,NULL,'2018-09-13 10:06:57','2018-09-13 10:06:57'),(282,38,10,'signed',4500,2,NULL,'2018-09-13 10:07:01','2018-09-13 10:07:01'),(283,40,10,'signed',4500,2,NULL,'2018-09-13 10:07:05','2018-09-13 10:07:05'),(284,42,10,'signed',4500,2,NULL,'2018-09-13 10:07:08','2018-09-13 10:07:08'),(285,44,10,'signed',4500,2,NULL,'2018-09-13 10:07:11','2018-09-13 10:07:11'),(286,46,10,'signed',4500,2,NULL,'2018-09-13 10:07:16','2018-09-13 10:07:16'),(287,47,10,'signed',5000,1,NULL,'2018-09-13 10:07:19','2018-09-13 10:07:19'),(288,48,10,'signed',4500,2,NULL,'2018-09-13 10:07:23','2018-09-13 10:07:23'),(289,50,10,'signed',4500,2,NULL,'2018-09-13 10:07:28','2018-09-13 10:07:28'),(290,52,10,'signed',4500,2,NULL,'2018-09-13 10:07:31','2018-09-13 10:07:31'),(291,54,10,'signed',4500,2,NULL,'2018-09-13 10:07:36','2018-09-13 10:07:36'),(292,6,11,'signed',5000,1,NULL,'2018-09-13 10:07:55','2018-09-13 10:07:55'),(293,12,11,'signed',4500,2,NULL,'2018-09-13 10:07:59','2018-09-13 10:07:59'),(294,18,11,'signed',4500,2,NULL,'2018-09-13 10:08:03','2018-09-13 10:08:03'),(295,24,11,'signed',4500,2,NULL,'2018-09-13 10:08:08','2018-09-13 10:08:08'),(296,30,11,'signed',4500,2,NULL,'2018-09-13 10:08:13','2018-09-13 10:08:13'),(297,36,11,'signed',4500,2,NULL,'2018-09-13 10:08:17','2018-09-13 10:08:17'),(298,42,11,'signed',4500,2,NULL,'2018-09-13 10:08:26','2018-09-13 10:08:26'),(299,48,11,'signed',4500,2,NULL,'2018-09-13 10:08:30','2018-09-13 10:08:30'),(300,54,11,'signed',4500,2,NULL,'2018-09-13 10:08:34','2018-09-13 10:08:34'),(301,5,12,'signed',5000,1,NULL,'2018-09-13 10:08:52','2018-09-13 10:08:52'),(302,10,12,'signed',4500,2,NULL,'2018-09-13 10:08:55','2018-09-13 10:08:55'),(303,15,12,'signed',5000,1,NULL,'2018-09-13 10:09:00','2018-09-13 10:09:00'),(304,20,12,'signed',4500,2,NULL,'2018-09-13 10:09:04','2018-09-13 10:09:04'),(305,25,12,'signed',5000,1,NULL,'2018-09-13 10:09:12','2018-09-13 10:09:12'),(306,30,12,'signed',4500,2,NULL,'2018-09-13 10:09:16','2018-09-13 10:09:16'),(307,35,12,'signed',5000,1,NULL,'2018-09-13 10:09:20','2018-09-13 10:09:20'),(308,40,12,'signed',4500,2,NULL,'2018-09-13 10:09:25','2018-09-13 10:09:25'),(309,45,12,'signed',5000,1,NULL,'2018-09-13 10:09:29','2018-09-13 10:09:29'),(310,5,12,'signed',5000,1,NULL,'2018-09-13 10:09:33','2018-09-13 10:09:33'),(311,50,12,'signed',4500,2,NULL,'2018-09-13 10:09:39','2018-09-13 10:09:39'),(312,55,12,'signed',5000,1,NULL,'2018-09-13 10:09:42','2018-09-13 10:09:42'),(313,8,14,'signed',4500,2,NULL,'2018-09-13 10:10:09','2018-09-13 10:10:09'),(314,16,14,'signed',4500,2,NULL,'2018-09-13 10:10:13','2018-09-13 10:10:13'),(315,24,14,'signed',4500,2,NULL,'2018-09-13 10:10:19','2018-09-13 10:10:19'),(316,30,14,'signed',4500,2,NULL,'2018-09-13 10:10:22','2018-09-13 10:10:22'),(317,36,14,'signed',4500,2,NULL,'2018-09-13 10:10:26','2018-09-13 10:10:26'),(318,42,14,'signed',4500,2,NULL,'2018-09-13 10:10:32','2018-09-13 10:10:32'),(319,48,14,'signed',4500,2,NULL,'2018-09-13 10:10:38','2018-09-13 10:10:38'),(320,7,15,'signed',5000,1,NULL,'2018-09-13 10:46:51','2018-09-13 10:46:51'),(321,1,15,'signed',NULL,NULL,NULL,'2018-09-13 10:47:22','2018-09-13 10:47:22'),(322,8,15,'signed',4500,2,NULL,'2018-09-13 10:47:26','2018-09-13 10:47:26'),(323,13,15,'signed',5000,1,NULL,'2018-09-13 10:47:29','2018-09-13 10:47:29'),(324,15,15,'signed',5000,1,NULL,'2018-09-13 10:47:32','2018-09-13 10:47:32'),(325,19,15,'signed',5000,1,NULL,'2018-09-13 10:47:35','2018-09-13 10:47:35'),(326,18,15,'signed',4500,2,NULL,'2018-09-13 10:47:38','2018-09-13 10:47:38'),(327,15,15,'signed',5000,1,NULL,'2018-09-13 10:47:43','2018-09-13 10:47:43'),(328,25,15,'signed',5000,1,NULL,'2018-09-13 10:47:47','2018-09-13 10:47:47'),(329,30,15,'signed',4500,2,NULL,'2018-09-13 10:47:52','2018-09-13 10:47:52'),(330,35,15,'signed',5000,1,NULL,'2018-09-13 10:47:56','2018-09-13 10:47:56'),(331,41,15,'signed',5000,1,NULL,'2018-09-13 10:48:01','2018-09-13 10:48:01'),(332,48,15,'signed',4500,2,NULL,'2018-09-13 10:48:05','2018-09-13 10:48:05'),(333,49,15,'signed',5000,1,NULL,'2018-09-13 10:48:08','2018-09-13 10:48:08'),(334,54,15,'signed',4500,2,NULL,'2018-09-13 10:48:13','2018-09-13 10:48:13'),(335,46,15,'signed',4500,2,NULL,'2018-09-13 10:48:18','2018-09-13 10:48:18'),(336,39,15,'signed',5000,1,NULL,'2018-09-13 10:48:23','2018-09-13 10:48:23'),(338,6,16,'signed',5000,1,NULL,'2018-09-13 10:49:01','2018-09-13 10:49:01'),(339,10,16,'signed',4500,2,NULL,'2018-09-13 10:49:07','2018-09-13 10:49:07'),(340,14,16,'signed',4500,2,NULL,'2018-09-13 10:49:11','2018-09-13 10:49:11'),(341,18,16,'signed',4500,2,NULL,'2018-09-13 10:49:16','2018-09-13 10:49:16'),(342,22,16,'signed',4500,2,NULL,'2018-09-13 10:49:21','2018-09-13 10:49:21'),(343,26,16,'signed',4500,2,NULL,'2018-09-13 10:49:25','2018-09-13 10:49:25'),(344,30,16,'signed',4500,2,NULL,'2018-09-13 10:49:29','2018-09-13 10:49:29'),(345,34,16,'signed',4500,2,NULL,'2018-09-13 10:49:33','2018-09-13 10:49:33'),(346,38,16,'signed',4500,2,NULL,'2018-09-13 10:49:36','2018-09-13 10:49:36'),(347,42,16,'signed',4500,2,NULL,'2018-09-13 10:49:41','2018-09-13 10:49:41'),(348,46,16,'signed',4500,2,NULL,'2018-09-13 10:49:45','2018-09-13 10:49:45'),(349,50,16,'signed',4500,2,NULL,'2018-09-13 10:49:50','2018-09-13 10:49:50'),(350,54,16,'signed',4500,2,NULL,'2018-09-13 10:49:56','2018-09-13 10:49:56'),(352,7,18,'signed',5000,1,NULL,'2018-09-13 10:59:07','2018-09-13 10:59:07'),(353,11,18,'signed',5000,1,NULL,'2018-09-13 10:59:11','2018-09-13 10:59:11'),(354,15,18,'signed',5000,1,NULL,'2018-09-13 10:59:14','2018-09-13 10:59:14'),(355,19,18,'signed',5000,1,NULL,'2018-09-13 10:59:19','2018-09-13 10:59:19'),(356,23,18,'signed',5000,1,NULL,'2018-09-13 10:59:23','2018-09-13 10:59:23'),(357,27,18,'signed',5000,1,NULL,'2018-09-13 10:59:35','2018-09-13 10:59:35'),(358,31,18,'signed',5000,1,NULL,'2018-09-13 10:59:40','2018-09-13 10:59:40'),(359,35,18,'signed',5000,1,NULL,'2018-09-13 10:59:43','2018-09-13 10:59:43'),(360,39,18,'signed',5000,1,NULL,'2018-09-13 10:59:48','2018-09-13 10:59:48'),(361,43,18,'signed',5000,1,NULL,'2018-09-13 10:59:52','2018-09-13 10:59:52'),(362,47,18,'signed',5000,1,NULL,'2018-09-13 10:59:55','2018-09-13 10:59:55'),(363,51,18,'signed',5000,1,NULL,'2018-09-13 11:00:01','2018-09-13 11:00:01'),(364,55,18,'signed',5000,1,NULL,'2018-09-13 11:00:04','2018-09-13 11:00:04'),(367,6,19,'signed',5000,1,NULL,'2018-09-13 11:01:13','2018-09-13 11:01:13'),(368,10,19,'signed',4500,2,NULL,'2018-09-13 11:01:17','2018-09-13 11:01:17'),(369,15,19,'signed',5000,1,NULL,'2018-09-13 11:01:20','2018-09-13 11:01:20'),(370,22,19,'signed',4500,2,NULL,'2018-09-13 11:01:24','2018-09-13 11:01:24'),(371,26,19,'signed',4500,2,NULL,'2018-09-13 11:01:28','2018-09-13 11:01:28'),(372,33,19,'signed',5000,1,NULL,'2018-09-13 11:01:32','2018-09-13 11:01:32'),(373,36,19,'signed',4500,2,NULL,'2018-09-13 11:01:37','2018-09-13 11:01:37'),(374,42,19,'signed',4500,2,NULL,'2018-09-13 11:01:42','2018-09-13 11:01:42'),(375,47,19,'signed',5000,1,NULL,'2018-09-13 11:01:46','2018-09-13 11:01:46'),(376,51,19,'signed',5000,1,NULL,'2018-09-13 11:01:50','2018-09-13 11:01:50'),(377,53,19,'signed',5000,1,NULL,'2018-09-13 11:01:53','2018-09-13 11:01:53'),(378,10,20,'signed',4500,2,NULL,'2018-09-13 11:08:38','2018-09-13 11:08:38'),(379,15,20,'signed',5000,1,NULL,'2018-09-13 11:08:43','2018-09-13 11:08:43'),(380,23,20,'signed',5000,1,NULL,'2018-09-13 11:08:48','2018-09-13 11:08:48'),(381,27,20,'signed',5000,1,NULL,'2018-09-13 11:08:51','2018-09-13 11:08:51'),(382,31,20,'signed',5000,1,NULL,'2018-09-13 11:08:55','2018-09-13 11:08:55'),(383,38,20,'signed',4500,2,NULL,'2018-09-13 11:08:58','2018-09-13 11:08:58'),(384,45,20,'signed',5000,1,NULL,'2018-09-13 11:09:02','2018-09-13 11:09:02'),(385,46,20,'signed',4500,2,NULL,'2018-09-13 11:09:05','2018-09-13 11:09:05'),(386,49,20,'signed',5000,1,NULL,'2018-09-13 11:09:08','2018-09-13 11:09:08'),(387,54,20,'signed',4500,2,NULL,'2018-09-13 11:09:13','2018-09-13 11:09:13'),(388,52,20,'signed',4500,2,NULL,'2018-09-13 11:09:16','2018-09-13 11:09:16'),(389,55,20,'signed',5000,1,NULL,'2018-09-13 11:09:21','2018-09-13 11:09:21'),(390,5,21,'signed',5000,1,NULL,'2018-09-13 11:11:48','2018-09-13 11:11:48'),(391,10,21,'signed',4500,2,NULL,'2018-09-13 11:11:51','2018-09-13 11:11:51'),(392,15,21,'signed',5000,1,NULL,'2018-09-13 11:11:56','2018-09-13 11:11:56'),(393,20,21,'signed',4500,2,NULL,'2018-09-13 11:12:00','2018-09-13 11:12:00'),(394,25,21,'signed',5000,1,NULL,'2018-09-13 11:12:04','2018-09-13 11:12:04'),(395,30,21,'signed',4500,2,NULL,'2018-09-13 11:12:09','2018-09-13 11:12:09'),(396,35,21,'signed',5000,1,NULL,'2018-09-13 11:12:12','2018-09-13 11:12:12'),(397,40,21,'signed',4500,2,NULL,'2018-09-13 11:12:16','2018-09-13 11:12:16'),(398,45,21,'signed',5000,1,NULL,'2018-09-13 11:12:19','2018-09-13 11:12:19'),(399,50,21,'signed',4500,2,NULL,'2018-09-13 11:12:23','2018-09-13 11:12:23'),(400,54,21,'signed',4500,2,NULL,'2018-09-13 11:12:26','2018-09-13 11:12:26'),(401,32,21,'signed',4500,2,NULL,'2018-09-13 11:12:33','2018-09-13 11:12:33'),(402,5,22,'signed',5000,1,NULL,'2018-09-13 11:13:10','2018-09-13 11:13:10'),(403,9,22,'signed',5000,1,NULL,'2018-09-13 11:13:13','2018-09-13 11:13:13'),(404,19,22,'signed',5000,1,NULL,'2018-09-13 11:13:17','2018-09-13 11:13:17'),(405,15,22,'signed',5000,1,NULL,'2018-09-13 11:13:20','2018-09-13 11:13:20'),(406,34,22,'signed',4500,2,NULL,'2018-09-13 11:13:25','2018-09-13 11:13:25'),(407,31,22,'signed',5000,1,NULL,'2018-09-13 11:13:28','2018-09-13 11:13:28'),(408,38,22,'signed',4500,2,NULL,'2018-09-13 11:13:33','2018-09-13 11:13:33'),(409,42,22,'signed',4500,2,NULL,'2018-09-13 11:13:37','2018-09-13 11:13:37'),(410,45,22,'signed',5000,1,NULL,'2018-09-13 11:13:40','2018-09-13 11:13:40'),(411,48,22,'signed',4500,2,NULL,'2018-09-13 11:13:43','2018-09-13 11:13:43'),(412,51,22,'signed',5000,1,NULL,'2018-09-13 11:13:46','2018-09-13 11:13:46'),(413,54,22,'signed',4500,2,NULL,'2018-09-13 11:13:51','2018-09-13 11:13:51'),(414,10,22,'signed',4500,2,NULL,'2018-09-13 11:14:19','2018-09-13 11:14:19'),(415,20,22,'signed',4500,2,NULL,'2018-09-13 11:14:22','2018-09-13 11:14:22'),(416,30,22,'signed',4500,2,NULL,'2018-09-13 11:14:26','2018-09-13 11:14:26'),(417,40,22,'signed',4500,2,NULL,'2018-09-13 11:14:31','2018-09-13 11:14:31'),(418,50,22,'signed',4500,2,NULL,'2018-09-13 11:14:35','2018-09-13 11:14:35'),(419,10,23,'signed',4500,2,NULL,'2018-09-13 11:14:56','2018-09-13 11:14:56'),(420,14,23,'signed',4500,2,NULL,'2018-09-13 11:14:59','2018-09-13 11:14:59'),(421,16,23,'signed',4500,2,NULL,'2018-09-13 11:15:03','2018-09-13 11:15:03'),(422,20,23,'signed',4500,2,NULL,'2018-09-13 11:15:08','2018-09-13 11:15:08'),(423,30,23,'signed',4500,2,NULL,'2018-09-13 11:15:11','2018-09-13 11:15:11'),(424,40,23,'signed',4500,2,NULL,'2018-09-13 11:15:15','2018-09-13 11:15:15'),(425,50,23,'signed',4500,2,NULL,'2018-09-13 11:15:20','2018-09-13 11:15:20'),(426,23,23,'signed',5000,1,NULL,'2018-09-13 11:15:27','2018-09-13 11:15:27'),(428,13,23,'signed',5000,1,NULL,'2018-09-13 11:15:49','2018-09-13 11:15:49'),(429,23,23,'signed',5000,1,NULL,'2018-09-13 11:15:53','2018-09-13 11:15:53'),(430,33,23,'signed',5000,1,NULL,'2018-09-13 11:15:58','2018-09-13 11:15:58'),(431,43,23,'signed',5000,1,NULL,'2018-09-13 11:16:03','2018-09-13 11:16:03'),(432,53,23,'signed',5000,1,NULL,'2018-09-13 11:16:07','2018-09-13 11:16:07'),(434,14,24,'signed',4500,2,NULL,'2018-09-13 11:16:33','2018-09-13 11:16:33'),(435,24,24,'signed',4500,2,NULL,'2018-09-13 11:16:37','2018-09-13 11:16:37'),(436,34,24,'signed',4500,2,NULL,'2018-09-13 11:16:41','2018-09-13 11:16:41'),(437,44,24,'signed',4500,2,NULL,'2018-09-13 11:16:44','2018-09-13 11:16:44'),(438,54,24,'signed',4500,2,NULL,'2018-09-13 11:16:48','2018-09-13 11:16:48'),(439,5,25,'signed',5000,1,NULL,'2018-09-13 11:17:18','2018-09-13 11:17:18'),(440,15,25,'signed',5000,1,NULL,'2018-09-13 11:17:24','2018-09-13 11:17:24'),(441,25,25,'signed',5000,1,NULL,'2018-09-13 11:17:28','2018-09-13 11:17:28'),(442,35,25,'signed',5000,1,NULL,'2018-09-13 11:17:33','2018-09-13 11:17:33'),(443,45,25,'signed',5000,1,NULL,'2018-09-13 11:17:37','2018-09-13 11:17:37'),(444,55,25,'signed',5000,1,NULL,'2018-09-13 11:17:40','2018-09-13 11:17:40'),(445,8,26,'signed',4500,2,NULL,'2018-09-13 11:18:18','2018-09-13 11:18:18'),(446,5,26,'signed',5000,1,NULL,'2018-09-13 11:18:24','2018-09-13 11:18:24'),(447,18,26,'signed',4500,2,NULL,'2018-09-13 11:18:30','2018-09-13 11:18:30'),(448,28,26,'signed',4500,2,NULL,'2018-09-13 11:18:37','2018-09-13 11:18:37'),(449,38,26,'signed',4500,2,NULL,'2018-09-13 11:18:40','2018-09-13 11:18:40'),(450,48,26,'signed',4500,2,NULL,'2018-09-13 11:18:45','2018-09-13 11:18:45'),(451,7,27,'signed',5000,1,NULL,'2018-09-13 11:19:12','2018-09-13 11:19:12'),(452,14,27,'signed',4500,2,NULL,'2018-09-13 11:19:16','2018-09-13 11:19:16'),(453,21,27,'signed',5000,1,NULL,'2018-09-13 11:19:20','2018-09-13 11:19:20'),(454,28,27,'signed',4500,2,NULL,'2018-09-13 11:19:23','2018-09-13 11:19:23'),(455,35,27,'signed',5000,1,NULL,'2018-09-13 11:19:27','2018-09-13 11:19:27'),(456,42,27,'signed',4500,2,NULL,'2018-09-13 11:19:31','2018-09-13 11:19:31'),(457,47,27,'signed',5000,1,NULL,'2018-09-13 11:19:35','2018-09-13 11:19:35'),(458,53,27,'signed',5000,1,NULL,'2018-09-13 11:19:40','2018-09-13 11:19:40'),(461,7,28,'signed',5000,1,NULL,'2018-09-13 11:20:44','2018-09-13 11:20:44'),(462,15,28,'signed',5000,1,NULL,'2018-09-13 11:20:50','2018-09-13 11:20:50'),(463,23,28,'signed',5000,1,NULL,'2018-09-13 11:20:55','2018-09-13 11:20:55'),(464,31,28,'signed',5000,1,NULL,'2018-09-13 11:20:59','2018-09-13 11:20:59'),(465,39,28,'signed',5000,1,NULL,'2018-09-13 11:21:02','2018-09-13 11:21:02'),(466,41,28,'signed',5000,1,NULL,'2018-09-13 11:21:09','2018-09-13 11:21:09'),(467,45,28,'signed',5000,1,NULL,'2018-09-13 11:21:14','2018-09-13 11:21:14'),(468,48,28,'signed',4500,2,NULL,'2018-09-13 11:21:18','2018-09-13 11:21:18'),(469,53,28,'signed',5000,1,NULL,'2018-09-13 11:21:36','2018-09-13 11:21:36'),(471,6,29,'signed',5000,1,NULL,'2018-09-13 11:22:11','2018-09-13 11:22:11'),(472,8,29,'signed',4500,2,NULL,'2018-09-13 11:22:13','2018-09-13 11:22:13'),(473,9,29,'signed',5000,1,NULL,'2018-09-13 11:22:17','2018-09-13 11:22:17'),(474,14,29,'signed',4500,2,NULL,'2018-09-13 11:22:20','2018-09-13 11:22:20'),(475,19,29,'signed',5000,1,NULL,'2018-09-13 11:22:24','2018-09-13 11:22:24'),(476,24,29,'signed',4500,2,NULL,'2018-09-13 11:22:27','2018-09-13 11:22:27'),(477,29,29,'signed',5000,1,NULL,'2018-09-13 11:22:31','2018-09-13 11:22:31'),(478,32,29,'signed',4500,2,NULL,'2018-09-13 11:22:36','2018-09-13 11:22:36'),(479,35,29,'signed',5000,1,NULL,'2018-09-13 11:22:40','2018-09-13 11:22:40'),(480,40,29,'signed',4500,2,NULL,'2018-09-13 11:22:43','2018-09-13 11:22:43'),(481,45,29,'signed',5000,1,NULL,'2018-09-13 11:22:49','2018-09-13 11:22:49'),(482,50,29,'signed',4500,2,NULL,'2018-09-13 11:22:53','2018-09-13 11:22:53'),(483,54,29,'signed',4500,2,NULL,'2018-09-13 11:22:59','2018-09-13 11:22:59'),(484,50,30,'signed',4500,2,NULL,NULL,NULL),(485,54,31,'signed',4500,2,NULL,NULL,NULL),(486,5,31,'signed',NULL,NULL,NULL,'2018-09-15 01:44:49','2018-09-15 01:44:49'),(487,50,31,'signed',4500,2,NULL,'2018-09-15 01:52:22','2018-09-15 01:52:22'),(488,50,31,'signed',4500,2,NULL,NULL,NULL),(489,56,12,'signed',4500,2,NULL,'2018-09-15 03:05:21','2018-09-15 03:05:21'),(491,16,12,'signed',5000,1,NULL,'2018-09-15 13:23:34','2018-09-15 13:23:34'),(492,8,12,'signed',5000,1,NULL,'2018-09-16 06:01:56','2018-09-16 06:01:56'),(493,29,12,'signed',5000,1,NULL,'2018-09-16 08:43:33','2018-09-16 08:43:33'),(494,31,12,'signed',5000,1,NULL,'2018-09-16 08:46:24','2018-09-16 08:46:24'),(495,46,12,'signed',4500,2,NULL,'2018-09-16 12:34:50','2018-09-16 12:34:50'),(496,51,12,'signed',5000,1,NULL,'2018-09-16 20:16:15','2018-09-16 20:16:15'),(497,32,12,'signed',4500,2,NULL,'2018-09-20 10:34:22','2018-09-20 10:34:22'),(500,7,12,'signed',4500,2,NULL,'2018-09-21 07:07:49','2018-09-21 07:07:49'),(501,88,14,'signed',5000,1,NULL,'2018-10-11 01:38:00','2018-10-11 01:38:00');
/*!40000 ALTER TABLE `installments` ENABLE KEYS */;
UNLOCK TABLES;

--
-- Table structure for table `migrations`
--

DROP TABLE IF EXISTS `migrations`;
/*!40101 SET @saved_cs_client     = @@character_set_client */;
/*!40101 SET character_set_client = utf8 */;
CREATE TABLE `migrations` (
  `id` int(10) unsigned NOT NULL AUTO_INCREMENT,
  `migration` varchar(191) COLLATE utf8mb4_unicode_ci NOT NULL,
  `batch` int(11) NOT NULL,
  PRIMARY KEY (`id`)
) ENGINE=InnoDB AUTO_INCREMENT=25 DEFAULT CHARSET=utf8mb4 COLLATE=utf8mb4_unicode_ci;
/*!40101 SET character_set_client = @saved_cs_client */;

--
-- Dumping data for table `migrations`
--

LOCK TABLES `migrations` WRITE;
/*!40000 ALTER TABLE `migrations` DISABLE KEYS */;
INSERT INTO `migrations` VALUES (1,'2014_03_17_155657_create_faculties_table',1),(2,'2014_03_25_121324_create_scholerships_table',1),(3,'2014_10_12_000000_create_users_table',1),(4,'2014_10_12_100000_create_password_resets_table',1),(5,'2016_06_01_000001_create_oauth_auth_codes_table',1),(6,'2016_06_01_000002_create_oauth_access_tokens_table',1),(7,'2016_06_01_000003_create_oauth_refresh_tokens_table',1),(8,'2016_06_01_000004_create_oauth_clients_table',1),(9,'2016_06_01_000005_create_oauth_personal_access_clients_table',1),(10,'2017_12_07_042726_create_users_activation_table',1),(11,'2018_02_01_162635_create_roles_table',1),(12,'2018_02_01_162851_create_role_user_table',1),(13,'2018_02_16_093522_create_images_table',1),(14,'2018_03_15_104522_create_notification_types_table',1),(15,'2018_04_15_103500_create_notifications_table',1),(16,'2018_05_14_103735_create_posts_table',1),(17,'2018_09_08_200835_create_periods_table',1),(18,'2018_09_09_193926_create_installments_table',1),(19,'2018_09_15_084235_create_changeoptions_table',2),(20,'2018_09_15_084258_create_changes_table',2),(21,'2018_09_14_102853_create_options_table',3),(22,'2018_09_15_102838_create_changes_table',3),(23,'2018_09_15_181955_create_exchanges_table',4),(24,'2018_09_18_121119_create_bursary_apps_table',5);
/*!40000 ALTER TABLE `migrations` ENABLE KEYS */;
UNLOCK TABLES;

--
-- Table structure for table `notification_types`
--

DROP TABLE IF EXISTS `notification_types`;
/*!40101 SET @saved_cs_client     = @@character_set_client */;
/*!40101 SET character_set_client = utf8 */;
CREATE TABLE `notification_types` (
  `id` int(10) unsigned NOT NULL AUTO_INCREMENT,
  `notofication_type` varchar(191) COLLATE utf8mb4_unicode_ci DEFAULT NULL,
  `created_at` timestamp NULL DEFAULT NULL,
  `updated_at` timestamp NULL DEFAULT NULL,
  PRIMARY KEY (`id`),
  UNIQUE KEY `notification_types_id_unique` (`id`)
) ENGINE=InnoDB AUTO_INCREMENT=3 DEFAULT CHARSET=utf8mb4 COLLATE=utf8mb4_unicode_ci;
/*!40101 SET character_set_client = @saved_cs_client */;

--
-- Dumping data for table `notification_types`
--

LOCK TABLES `notification_types` WRITE;
/*!40000 ALTER TABLE `notification_types` DISABLE KEYS */;
INSERT INTO `notification_types` VALUES (1,'Account activation request',NULL,NULL),(2,'Bursary scholarship request',NULL,NULL);
/*!40000 ALTER TABLE `notification_types` ENABLE KEYS */;
UNLOCK TABLES;

--
-- Table structure for table `notifications`
--

DROP TABLE IF EXISTS `notifications`;
/*!40101 SET @saved_cs_client     = @@character_set_client */;
/*!40101 SET character_set_client = utf8 */;
CREATE TABLE `notifications` (
  `id` int(10) unsigned NOT NULL AUTO_INCREMENT,
  `user_id` int(10) unsigned DEFAULT NULL,
  `notification_type_id` int(10) unsigned DEFAULT NULL,
  `date` varchar(191) COLLATE utf8mb4_unicode_ci DEFAULT NULL,
  `time` varchar(191) COLLATE utf8mb4_unicode_ci DEFAULT NULL,
  `notification_title` varchar(191) COLLATE utf8mb4_unicode_ci DEFAULT NULL,
  `notification_body` varchar(191) COLLATE utf8mb4_unicode_ci DEFAULT NULL,
  `status` tinyint(1) DEFAULT NULL,
  `created_at` timestamp NULL DEFAULT NULL,
  `updated_at` timestamp NULL DEFAULT NULL,
  PRIMARY KEY (`id`),
  UNIQUE KEY `notifications_id_unique` (`id`),
  KEY `notifications_user_id_foreign` (`user_id`),
  KEY `notifications_notification_type_id_foreign` (`notification_type_id`),
  CONSTRAINT `notifications_notification_type_id_foreign` FOREIGN KEY (`notification_type_id`) REFERENCES `notification_types` (`id`),
  CONSTRAINT `notifications_user_id_foreign` FOREIGN KEY (`user_id`) REFERENCES `users` (`id`) ON DELETE CASCADE
) ENGINE=InnoDB AUTO_INCREMENT=11 DEFAULT CHARSET=utf8mb4 COLLATE=utf8mb4_unicode_ci;
/*!40101 SET character_set_client = @saved_cs_client */;

--
-- Dumping data for table `notifications`
--

LOCK TABLES `notifications` WRITE;
/*!40000 ALTER TABLE `notifications` DISABLE KEYS */;
INSERT INTO `notifications` VALUES (5,64,2,'2018-09-23','16:26:30','Requesting bursary scholarship','Hello, my student number is se/2013/006. Please activate my account. Thank you.',0,'2018-09-23 05:26:30','2018-09-23 05:26:30'),(6,64,2,'2018-09-23','16:29:44','Requesting bursary scholarship','Hello, my student number is se/2013/006. Please activate my account. Thank you.',0,'2018-09-23 05:29:44','2018-09-23 05:29:44'),(7,64,2,'2018-09-23','16:30:07','Requesting bursary scholarship','Hello, my student number is se/2013/006. Please activate my account. Thank you.',0,'2018-09-23 05:30:07','2018-09-23 05:30:07'),(8,64,2,'2018-09-23','16:31:54','Requesting bursary scholarship','Hello, my student number is se/2013/006. Please activate my account. Thank you.',0,'2018-09-23 05:31:54','2018-09-23 05:31:54'),(9,64,2,'2018-09-24','00:42:15','Requesting bursary scholarship','Hello, my student number is se/2013/006. Please activate my account. Thank you.',0,'2018-09-23 13:42:15','2018-09-23 13:42:15'),(10,64,2,'2018-09-24','00:52:31','Requesting bursary scholarship','Hello, my student number is se/2013/006. Please activate my account. Thank you.',0,'2018-09-23 13:52:31','2018-09-23 13:52:31');
/*!40000 ALTER TABLE `notifications` ENABLE KEYS */;
UNLOCK TABLES;

--
-- Table structure for table `oauth_access_tokens`
--

DROP TABLE IF EXISTS `oauth_access_tokens`;
/*!40101 SET @saved_cs_client     = @@character_set_client */;
/*!40101 SET character_set_client = utf8 */;
CREATE TABLE `oauth_access_tokens` (
  `id` varchar(100) COLLATE utf8mb4_unicode_ci NOT NULL,
  `user_id` int(11) DEFAULT NULL,
  `client_id` int(11) NOT NULL,
  `name` varchar(191) COLLATE utf8mb4_unicode_ci DEFAULT NULL,
  `scopes` text COLLATE utf8mb4_unicode_ci,
  `revoked` tinyint(1) NOT NULL,
  `created_at` timestamp NULL DEFAULT NULL,
  `updated_at` timestamp NULL DEFAULT NULL,
  `expires_at` datetime DEFAULT NULL,
  PRIMARY KEY (`id`),
  KEY `oauth_access_tokens_user_id_index` (`user_id`)
) ENGINE=InnoDB DEFAULT CHARSET=utf8mb4 COLLATE=utf8mb4_unicode_ci;
/*!40101 SET character_set_client = @saved_cs_client */;

--
-- Dumping data for table `oauth_access_tokens`
--

LOCK TABLES `oauth_access_tokens` WRITE;
/*!40000 ALTER TABLE `oauth_access_tokens` DISABLE KEYS */;
INSERT INTO `oauth_access_tokens` VALUES ('00438903c45beed80cd7a1e38514fbb1976ad8bd6df190edb67798dc918c1bf9a661333400a9518d',1,1,'oauth','[]',0,'2018-09-29 07:33:08','2018-09-29 07:33:08','2019-09-29 13:03:08'),('015dbb32a874e60214d20d4d907df9ecaf22437f80d70a080ed7d593206bba1167d102d1da461575',1,1,'oauth','[]',0,'2018-09-29 01:01:06','2018-09-29 01:01:06','2019-09-29 06:31:06'),('017de399c3890909846d313c31790172076ef7dae4fe36012af4cd237a2b8ceadb0f074da71acf25',1,1,'oauth','[]',0,'2018-09-29 01:08:31','2018-09-29 01:08:31','2019-09-29 06:38:31'),('01cc4792f71e9e6530e27e1b150ae1f89c2ca2506d60de7c95159b2dea037b88a35ccccf593135d4',60,1,'oauth','[]',0,'2018-09-22 00:28:48','2018-09-22 00:28:48','2019-09-22 05:58:48'),('0210b8d3a917782e230c48e7518674f1fc8cbea891aa86f27ebe4a64e943a0f2cd2317a63133fd00',1,1,'oauth','[]',0,'2018-09-21 09:38:00','2018-09-21 09:38:00','2019-09-21 15:08:00'),('0220ba0c363aacd80512c9ac62820ed0197993007b22308a29524392942f9138204fe161626512dc',1,1,'oauth','[]',0,'2018-09-29 09:36:30','2018-09-29 09:36:30','2019-09-29 15:06:30'),('02c4de17652ecd38db40933daed453eba82d6e8c6bae66d845df67c559638ccf6098adcd04af5919',1,1,'oauth','[]',0,'2018-09-29 08:04:08','2018-09-29 08:04:08','2019-09-29 13:34:08'),('02c9be530a4dc72080cd6ac1a462d9a68ea2184511ecbc2f953dc09db60f99dfd2d86901ebf1a495',1,1,'oauth','[]',1,'2018-09-20 05:58:34','2018-09-20 05:58:34','2019-09-20 11:28:34'),('02cf569190583bcde8c85f2f0a85a367590e62e9f80ef6705d038abaafd4c2d17122047537a339e0',60,1,'oauth','[]',1,'2018-09-20 00:49:15','2018-09-20 00:49:15','2019-09-20 06:19:15'),('02dd3f2fd6afce4517da504bd6d8a38c3ac8a4180c65e472b584c01f2077d24f3256c5b638768984',1,1,'oauth','[]',1,'2018-10-11 01:23:32','2018-10-11 01:23:32','2019-10-11 06:53:32'),('02e0e767f85e508a34e958fe37009fd7e0a3e3d674f64340a0fe9b7429e3acdb695c4785ee2ebba3',1,1,'oauth','[]',1,'2018-10-02 23:06:29','2018-10-02 23:06:29','2019-10-03 04:36:29'),('042c44f551e2b78cb97f0c18bd0e56ecddcf7890f5c878efa1d944f84846883a5728d98bdd524472',7,1,'oauth','[]',0,'2018-09-16 21:16:15','2018-09-16 21:16:15','2019-09-17 02:46:15'),('0631a828d0125ef739c32688f2d8c44ec37441ad3d55024a2fdac3e451b91099879c7edd2595f231',1,1,'oauth','[]',0,'2018-10-02 21:59:27','2018-10-02 21:59:27','2019-10-03 03:29:27'),('07184999ed8d844822a469e5983ff8d8294afe6106c562a40b05d817db381e7df4e04c33c2e919c3',1,1,'oauth','[]',0,'2018-09-29 01:48:17','2018-09-29 01:48:17','2019-09-29 07:18:17'),('089674dba3d2cab7e9f07a0567e56b0ab120edd4bf21abfd546ccc433ff3c75f15d479dbbcd118bd',1,1,'oauth','[]',0,'2018-09-28 10:53:45','2018-09-28 10:53:45','2019-09-28 16:23:45'),('08f69cecf0c31fd7071be20df3f3bad6367f23d96d96c44351a3daa680b48d4d0590d8e69c72fcc4',1,1,'oauth','[]',0,'2018-09-29 11:07:11','2018-09-29 11:07:11','2019-09-29 16:37:11'),('0957a2f4dd74f5991fcc654d76740ddbe8526e6784d10053772c685ff38854e243dbaf4f79213454',1,1,'oauth','[]',0,'2018-09-29 09:46:20','2018-09-29 09:46:20','2019-09-29 15:16:20'),('0bf898228da6fd00ff778da149cab20f60e4559f67861c585f8ae46920c3ee113650daf8b17bc41e',83,1,'oauth','[]',0,'2018-10-03 08:54:57','2018-10-03 08:54:57','2019-10-03 14:24:57'),('0bfe5569cf44f3cf24f7c253a5607948cd5951f9a645f964012d81de919786be95eb83de8a2b72ed',1,1,'oauth','[]',0,'2018-09-29 04:37:23','2018-09-29 04:37:23','2019-09-29 10:07:23'),('0c8475a295a05f69065b6f7c5ccc4ff1c59d0aaf3571b67cbf91568af52e1de4f9cf85c42e5e3269',1,1,'oauth','[]',1,'2018-10-02 22:32:02','2018-10-02 22:32:02','2019-10-03 04:02:02'),('0cdb5be89b66c9c07c39269abefeb93b1e78654d4d0b46a3d157be6b30955cb13275bfeb32a0592a',1,1,'oauth','[]',0,'2018-09-29 12:08:23','2018-09-29 12:08:23','2019-09-29 17:38:23'),('0df3e0f53adc094031313bfa3bf253c6f573901a976cf2cab9698d9eae3709e248027f0a90e9b104',1,1,'oauth','[]',0,'2018-09-29 01:10:46','2018-09-29 01:10:46','2019-09-29 06:40:46'),('0e04550e49e8726076a2be5eaeac5bcf2dac951569a963c8a4d54ac6da93c795f298bbc7d8facdaa',1,1,'oauth','[]',0,'2018-09-29 00:58:31','2018-09-29 00:58:31','2019-09-29 06:28:31'),('0e52282cbe47dc032790deacb082f3a5c72dc6036477bc8939890e26791d0c491c7c84d2a9d963ef',1,1,'oauth','[]',0,'2018-09-29 07:27:52','2018-09-29 07:27:52','2019-09-29 12:57:52'),('0ef5369b317dc4015531b48068e783af3c3211076157564180d02be11578cb0980d16cd516a84ac2',60,1,'oauth','[]',1,'2018-09-20 05:34:34','2018-09-20 05:34:34','2019-09-20 11:04:34'),('0f432402385b3baf47d99bdee983baac2f66790845df1b18c16b30e2bf694ed8c1b7c6222003cfcc',1,1,'oauth','[]',1,'2018-09-16 10:59:40','2018-09-16 10:59:40','2019-09-16 16:29:40'),('0f79241185cd1a50b5d2a4a51411a46b3264e94fc9790bc77397f5db54248c4a2f65f3a0399c7ddc',1,1,'oauth','[]',0,'2018-09-29 04:28:02','2018-09-29 04:28:02','2019-09-29 09:58:02'),('118bcceb4ec9eed08de2a7ab03d3a4dab75c287246c83a04a7623f89f55f89f877cf5d260f91f5c3',1,1,'oauth','[]',0,'2018-09-25 11:15:22','2018-09-25 11:15:22','2019-09-25 16:45:22'),('1350b493b0616e9dc44e9d82015dfe5cc4690cfbf6ff9faa3f47b984d54823ec4454be918d606144',1,1,'oauth','[]',0,'2018-09-29 07:30:04','2018-09-29 07:30:04','2019-09-29 13:00:04'),('141cfcce9eb870946ddff071ea6b6c5eb568ff7640548e6c6ec97c0d731c43127a4cf2519ee9082f',1,1,'oauth','[]',0,'2018-09-29 07:33:43','2018-09-29 07:33:43','2019-09-29 13:03:43'),('1460a210600939f820ecf24a9a97f7b1ccf5c97c7f5a102c00d225fdbfeca97f09de3083531beb40',88,1,'oauth','[]',0,'2018-10-11 01:28:02','2018-10-11 01:28:02','2019-10-11 06:58:02'),('1524c6029480058a812a32f804a7a4c9043d9dee6108136bf21025857a2d72513207e9b9672ea63b',7,1,'oauth','[]',1,'2018-09-16 23:59:08','2018-09-16 23:59:08','2019-09-17 05:29:08'),('1544aafe13943085a593f033fbca13c3569e97cab4397286dda166e04e238321b5d78f922ce4a3e4',1,1,'oauth','[]',0,'2018-09-29 10:59:06','2018-09-29 10:59:06','2019-09-29 16:29:06'),('16a50aad282edb976caf5e951a76a1f20d9d29a6caaa988f8dd4c0e1645e946721f668d88c00b3bc',1,1,'oauth','[]',1,'2018-10-02 22:18:33','2018-10-02 22:18:33','2019-10-03 03:48:33'),('174631eeb33b78127c37fc3b65d4a3f38b1219f707f05971e435e54780aec9fd4d5f4c5e2c2ce78d',1,1,'oauth','[]',0,'2018-09-29 09:50:40','2018-09-29 09:50:40','2019-09-29 15:20:40'),('176639d4536ae3a12e56b05eebf6bb94ad4161764b9f769a2ae8c38cab8f67b312931ea9c6294138',60,1,'oauth','[]',0,'2018-09-20 04:32:19','2018-09-20 04:32:19','2019-09-20 10:02:19'),('1970a864da39f78933fa636629a2954018ca855556714f2028ec07ca3e4d6444e524328e31ffca09',60,1,'oauth','[]',1,'2018-09-20 04:34:18','2018-09-20 04:34:18','2019-09-20 10:04:18'),('1986b195c1a8edc7d7fb0671a9d2615cb79dfaa6a7b0eb4c8e64156d2f23827f0b5c4862335b1c4c',1,1,'oauth','[]',0,'2018-09-29 04:35:58','2018-09-29 04:35:58','2019-09-29 10:05:58'),('1a28d908c3fbdd340568520ddef8f71f1c29405d86de3fdd1b64673c7afee33b6298d7ce75b89509',62,1,'oauth','[]',0,'2018-09-23 04:35:16','2018-09-23 04:35:16','2019-09-23 10:05:16'),('1a2e3218ca5bcb2b4af0a1608ea12091552238356b3dbff528e683cf2170fb24c6a9f440d0905abf',1,1,'oauth','[]',0,'2018-09-17 01:52:29','2018-09-17 01:52:29','2019-09-17 07:22:29'),('1bea6551d58afab2e8c635c824665adced87886178586b5294d17a863b844589ae4a79b7c68d4d73',1,1,'oauth','[]',0,'2018-09-29 07:54:21','2018-09-29 07:54:21','2019-09-29 13:24:21'),('1c3795cac8a3a49cd8e21b62506640637706aed4f642b4273a927ede9aa264c54c6910528de4eabb',1,1,'oauth','[]',0,'2018-09-29 04:40:52','2018-09-29 04:40:52','2019-09-29 10:10:52'),('1d27299ab4dd09a1c97a1d0791120b674b31202feaef09cf318b81cba9440a252518eb20ab43d321',1,1,'oauth','[]',0,'2018-09-29 07:59:01','2018-09-29 07:59:01','2019-09-29 13:29:01'),('1df49c317b7c3d31c6624adac710a6579dbc71d43eb1b7583a5ece5435d673e9f3af175bf2b928b1',7,1,'oauth','[]',1,'2018-09-18 05:10:50','2018-09-18 05:10:50','2019-09-18 10:40:50'),('1e9752606e8416c1ab3ce064baac6d249c699f963aef9689b8742faa78ecba7e8372f9308b02724c',1,1,'oauth','[]',0,'2018-09-29 13:26:22','2018-09-29 13:26:22','2019-09-29 18:56:22'),('1fd8de895fa8f44e1528bb500e0e58fad9859a54d85db4423cbaa309baa7529cfd33c85ff7d45bf2',1,1,'oauth','[]',1,'2018-10-03 22:54:03','2018-10-03 22:54:03','2019-10-04 04:24:03'),('20336e145506e673bea26230db1ea63be89b94859e0a22575cd55c844ed5c7ffc97ec55a643c45ba',1,1,'oauth','[]',0,'2018-09-29 11:00:46','2018-09-29 11:00:46','2019-09-29 16:30:46'),('207c27203dee65e29cc1a8e2358c0f0f8bb2029393eaaf5d37a27102ed880697c65aa789425ef0c3',88,1,'oauth','[]',0,'2018-10-03 12:33:02','2018-10-03 12:33:02','2019-10-03 18:03:02'),('2096cbbbc248d3fc3264dc8dc9a9e1aae401e1d22b64c1d7c8355b2efad2cf2fe1bc79e1f8fc7972',1,1,'oauth','[]',1,'2018-10-02 22:09:33','2018-10-02 22:09:33','2019-10-03 03:39:33'),('213496465823c420cc8edacd25f8c72d224ee4b8eb545adf594fe5563c9fd7665a676b912a09ab13',1,1,'oauth','[]',0,'2018-09-29 01:23:39','2018-09-29 01:23:39','2019-09-29 06:53:39'),('21d614307290ca042e000aa493543058a138611caa977d740b12fa36d8626710bc8a8dc6c594e476',1,1,'oauth','[]',0,'2018-09-29 10:04:46','2018-09-29 10:04:46','2019-09-29 15:34:46'),('22a2c0967b3de67fc98f96aec0d8fc3ea58e139319f75f7badbed0522ed0d859c8b30db49b58279b',1,1,'oauth','[]',0,'2018-09-28 15:45:56','2018-09-28 15:45:56','2019-09-28 21:15:56'),('24e38597dd64dbe65ee7be388f9ec4b5e47f67907577ca20f512f77d11e4be5e2f51c44110250c04',60,1,'oauth','[]',1,'2018-09-20 05:38:47','2018-09-20 05:38:47','2019-09-20 11:08:47'),('261d75be7670141a71197d47555d48b7fc6df8deebae51f7c8f5b9f793508cd47d8bc6ee42702eea',1,1,'oauth','[]',0,'2018-09-29 07:45:13','2018-09-29 07:45:13','2019-09-29 13:15:13'),('26ccaf9ddac4a39520c812ae09ffb7784b5d40293efb029afb7ffd9d698e3b2f9ddf167a439925b9',1,1,'oauth','[]',0,'2018-10-11 01:35:18','2018-10-11 01:35:18','2019-10-11 07:05:18'),('274204b08a5572404f99d767ad8996c581918370835dd907ecc852fc8c6eb592712948094c3cf1f7',1,1,'oauth','[]',0,'2018-09-25 11:11:37','2018-09-25 11:11:37','2019-09-25 16:41:37'),('278a8c35556c342509faa989f9df2e18510d59f757e3c37b556da7871df7e4232b10e7cfcde9f023',1,1,'oauth','[]',1,'2018-09-24 23:45:31','2018-09-24 23:45:31','2019-09-25 05:15:31'),('27b4db3f6e4103ea4af798883c8b0931c5a6fdbb0f08fc6d0779b129f0c6cfbf98127da31434b164',1,1,'oauth','[]',0,'2018-09-29 07:46:07','2018-09-29 07:46:07','2019-09-29 13:16:07'),('2a3b983717cd2a4bdb7abb31367b50910077c3f95de6da54f1064789fa7e5d8d946ee0258ab216eb',88,1,'oauth','[]',0,'2018-10-11 01:29:51','2018-10-11 01:29:51','2019-10-11 06:59:51'),('2c3c8af1432b2b8b45c49d0bfa6fe4bbdbdd97c6cd31d453ea2ad28842c016025dfd29667219c9c8',88,1,'oauth','[]',0,'2018-10-11 01:27:05','2018-10-11 01:27:05','2019-10-11 06:57:05'),('2d8cf7d9c26f6d35c77ea0dcf93b8b106b1b4b174228670567e781ea3c01f7238971bc9a48791c05',1,1,'oauth','[]',0,'2018-09-18 13:46:17','2018-09-18 13:46:17','2019-09-18 19:16:17'),('2eaa137990290f40fcd816b14c66af76c574d10c678bbf1107731969bf828e34c778aff9ba12a1f3',1,1,'oauth','[]',0,'2018-09-28 10:13:36','2018-09-28 10:13:36','2019-09-28 15:43:36'),('2f7d631dd6b209e624449b741cf2a6c60227ac89e0769ad388ef4bafc6cd3df216adfe9606f18265',1,1,'oauth','[]',0,'2018-09-29 07:37:36','2018-09-29 07:37:36','2019-09-29 13:07:36'),('321d739d5469213283f64dd395df8d2927bb58459151072e4bc7cdcaec2f0dc581baa5667e717399',1,1,'oauth','[]',0,'2018-09-29 01:11:34','2018-09-29 01:11:34','2019-09-29 06:41:34'),('32f47ca14163dc4b66da632f62122738352daaa58efb6f9951e857948910a6e7241a5d02ecf878fa',83,1,'oauth','[]',1,'2018-10-03 09:41:05','2018-10-03 09:41:05','2019-10-03 15:11:05'),('3399f56fa101e60c86e796147d0f5fc119c6c7c487ea146bf9728ab1a0223e691dc916951c735cd3',1,1,'oauth','[]',0,'2018-09-29 07:40:00','2018-09-29 07:40:00','2019-09-29 13:10:00'),('3517f72313351c07cc81b1d601aaaffe265763d9e505931b09229f195bd40552e86457dc4f0e7847',1,1,'oauth','[]',0,'2018-09-16 02:35:40','2018-09-16 02:35:40','2019-09-16 08:05:40'),('35796786b9e4f1708400224980fda174a1f2be58e7318cf0c11d9d1217411c62e66684a36054249d',1,1,'oauth','[]',0,'2018-09-29 07:30:24','2018-09-29 07:30:24','2019-09-29 13:00:24'),('35c55fe9a9deaaacb6fe90959398f9d8f79064a559466727894b94902bc0a099f5f6ab45d67be42a',1,1,'oauth','[]',0,'2018-09-29 07:39:10','2018-09-29 07:39:10','2019-09-29 13:09:10'),('361e32fea2b8f45ff3d760915001b6d29ee4901477f9e2d608591bacb663dd5c979ea8894671d8e7',88,1,'oauth','[]',1,'2018-10-11 01:22:58','2018-10-11 01:22:58','2019-10-11 06:52:58'),('36202668f6f9db1f7943e2430f04f310eca1d8cb0c6fef9f93780f7261c4c6d7412fd483047af944',1,1,'oauth','[]',0,'2018-09-28 15:51:04','2018-09-28 15:51:04','2019-09-28 21:21:04'),('3766cb18a1c833d69f768e1da8c93e017c2e3008fd0b2352954a81cac837e21c566be89996ff297c',1,1,'oauth','[]',1,'2018-09-20 05:38:01','2018-09-20 05:38:01','2019-09-20 11:08:01'),('377e734f52c069f65303b6a30dda580c4a6ffbba9688f3190009edcf81e6136ea18c4662882ec652',1,1,'oauth','[]',0,'2018-10-03 01:46:33','2018-10-03 01:46:33','2019-10-03 07:16:33'),('37fba04614a5791df40d764d770528f3facf2ba58bc0c6c74fefd6abf95eaa0ee6cb89ccea7ae07d',1,1,'oauth','[]',1,'2018-10-02 22:02:40','2018-10-02 22:02:40','2019-10-03 03:32:40'),('38043dfd5ebfce6c942669fe7de49a6c4c7f9f69d7528289bdd602c22dac7bc23f33f231257da05b',83,1,'oauth','[]',0,'2018-10-03 09:46:44','2018-10-03 09:46:44','2019-10-03 15:16:44'),('382a11d025b0bcffd770d76f30466a3923c2d93de055366de5f04b23133b9c4660375d4d7f42d78c',1,1,'oauth','[]',0,'2018-09-26 01:14:24','2018-09-26 01:14:24','2019-09-26 06:44:24'),('38894d61910c581a0e374a5049007ee4e3d4346b6faa5c291b47d4a64bbf477f4b24f2c4b4ac3f1d',72,1,'oauth','[]',0,'2018-10-03 01:49:47','2018-10-03 01:49:47','2019-10-03 07:19:47'),('3932b39885c6b8a91ce6dd24da3807cb5cabb78f350e6ce9750a8aadd53613e56c2a70d49e70005e',1,1,'oauth','[]',1,'2018-10-02 22:47:07','2018-10-02 22:47:07','2019-10-03 04:17:07'),('39950e4f96a273f095209dbbfc103590eb0bce41cfc76157eaec96a90c754654013f929dc3ea108a',1,1,'oauth','[]',1,'2018-09-20 00:51:56','2018-09-20 00:51:56','2019-09-20 06:21:56'),('39cb19d8db36d207f6d6f444b591b6d79aa4e2b0e085445ea16c79d6efa315d9bf234859702063b7',83,1,'oauth','[]',0,'2018-10-03 09:47:54','2018-10-03 09:47:54','2019-10-03 15:17:54'),('3a81db081bb89524c1d1a3aa69fccb2d240fc70222ab17d97aa1fd80479b67936e2875e64587dbd4',1,1,'oauth','[]',0,'2018-10-02 22:09:00','2018-10-02 22:09:00','2019-10-03 03:39:00'),('3ac41d5647abcd8a0d59371ad6a4c0bc4cadc0d3ce262ce95ac0bbefdfc9c48889078a75e2007e22',1,1,'oauth','[]',1,'2018-09-17 05:02:24','2018-09-17 05:02:24','2019-09-17 10:32:24'),('3b404a9a6c625871bebfcb1e4be87f53f44e78b1a35f271425ee422ed87ea2e8488634029502b731',1,1,'oauth','[]',0,'2018-09-28 15:31:17','2018-09-28 15:31:17','2019-09-28 21:01:17'),('3b49539c3b44b197700673a9c9436bdaefc20c1d54193ee4adbbafc5735ccd12f5f694dd58cc7902',1,1,'oauth','[]',0,'2018-09-29 01:50:34','2018-09-29 01:50:34','2019-09-29 07:20:34'),('3bc33da17faf7e73e4caa6185c01cefd307b4a95460407f102fc057409329d3081b208ac2150225e',1,1,'oauth','[]',1,'2018-09-13 06:01:09','2018-09-13 06:01:09','2019-09-13 11:31:09'),('3bf7cef2f38f0e674ad279282b285ac0a3219ce3db87021c0511de1dc6db68cb80eb838f69e6e9e9',10,1,'oauth','[]',1,'2018-09-14 22:59:55','2018-09-14 22:59:55','2019-09-15 04:29:55'),('3daede7f14b2c51250cd2830c52b75de08b042ce7370ef2dc1db637bf0a906f50e9da732d80ed52b',1,1,'oauth','[]',0,'2018-09-29 02:48:04','2018-09-29 02:48:04','2019-09-29 08:18:04'),('3e00638eee64914549f890d325d41b3cd27b59dafe7d0f118d5caa3ae56d8f6d9689549d24168315',1,1,'oauth','[]',0,'2018-09-29 04:26:33','2018-09-29 04:26:33','2019-09-29 09:56:33'),('3fb3a377b2087dbeb6b19e1f78e688f9abbcbf99c9c1cf20ecd329d6fe963c72a64b7989b2585b74',1,1,'oauth','[]',1,'2018-10-03 00:29:13','2018-10-03 00:29:13','2019-10-03 05:59:13'),('3fbc5c67f5258a9aca3139b35869a35dda62b709441dc350c243924457878ce3055c59aab5f51323',1,1,'oauth','[]',0,'2018-09-29 12:36:56','2018-09-29 12:36:56','2019-09-29 18:06:56'),('407bc7dc9f16fcbebb03f8cdda13f96b4a8f5fadfb48ace8e2a6f5130e8ecc5d45aa844a40fcd620',83,1,'oauth','[]',0,'2018-10-03 08:56:01','2018-10-03 08:56:01','2019-10-03 14:26:01'),('40bbe2bee66728eefdd23ea78f287244926b28c97217e87851469c24ef7ce02d06b5dc630d69fc63',1,1,'oauth','[]',0,'2018-09-28 15:47:52','2018-09-28 15:47:52','2019-09-28 21:17:52'),('4109177822db8361efe2809a42a5b55eaa313af29f7e6877336884b2d2c3235c350ae297cea7f823',1,1,'oauth','[]',0,'2018-09-28 15:54:46','2018-09-28 15:54:46','2019-09-28 21:24:46'),('41ba3126f0eb28d64cec4dce868c56ab9e5ebbe9439a0fc43b75d96e697ed8e8c920a26bd85af8f4',1,1,'oauth','[]',0,'2018-09-29 04:35:20','2018-09-29 04:35:20','2019-09-29 10:05:20'),('41dd9ee1250016eb89781970e08246312bf0f49dce627189bc5cd1f48864b397a8abfb6333a517f7',1,1,'oauth','[]',0,'2018-09-29 23:44:43','2018-09-29 23:44:43','2019-09-30 05:14:43'),('427d1ef48741993cdb4286afc4c95bca37feb0ab096754c67ed2d40ef171964182bd4dbd720410f9',1,1,'oauth','[]',1,'2018-09-16 11:02:19','2018-09-16 11:02:19','2019-09-16 16:32:19'),('42b6a01b047d0e2f344bbdf8be59128263402f588f62fc521f0102ba83732632ffd522d8bbe0ef9d',1,1,'oauth','[]',0,'2018-09-29 02:53:38','2018-09-29 02:53:38','2019-09-29 08:23:38'),('43dde77d06a98742162566b30216fa74685630ca32ccf107b54e2d867b65728d9ce5a488b95d670f',1,1,'oauth','[]',0,'2018-09-29 04:28:55','2018-09-29 04:28:55','2019-09-29 09:58:55'),('44e1a429a95646f6d4f510ef19264022ab8d92739d26549f4f9bdd41fe72ee1fcabcd6fc10ed376c',1,1,'oauth','[]',0,'2018-09-29 08:13:30','2018-09-29 08:13:30','2019-09-29 13:43:30'),('457b122366e24d74daa466558e43a572493a8215955b26623eee3f722831ee3dcd4d9941eac59735',1,1,'oauth','[]',0,'2018-09-29 04:26:24','2018-09-29 04:26:24','2019-09-29 09:56:24'),('4782855869b907ae9619ee6e1f6caf1436d63ea173300b0365ba48407df13aa1b2f18c076a6e4489',1,1,'oauth','[]',0,'2018-09-29 11:08:31','2018-09-29 11:08:31','2019-09-29 16:38:31'),('479f9a7191a5d6ca7f3ed98e0d564f9533bd8f445d7fa73eb75f8e452220abb7423330bbbf7b7726',1,1,'oauth','[]',0,'2018-09-29 04:29:07','2018-09-29 04:29:07','2019-09-29 09:59:07'),('4aa8d9c66583e3310d36293b96b03cf8aacbd2e661b7574f6d818fe308deb888ffa15398bc283eb8',1,1,'oauth','[]',0,'2018-09-30 03:05:25','2018-09-30 03:05:25','2019-09-30 08:35:25'),('4d995b8a03bcc50531a6c505f38b9a4e02f67da2c982c305ebfa708bdda5b7f843bb26cd4ae3c81a',1,1,'oauth','[]',1,'2018-10-03 10:50:51','2018-10-03 10:50:51','2019-10-03 16:20:51'),('4e053d7fce3df0dc371808ff441678e700dfca40bbacb3400116befaa7e6b75dd83c392823589a21',1,1,'oauth','[]',1,'2018-10-02 22:30:54','2018-10-02 22:30:54','2019-10-03 04:00:54'),('4ebc5169b49f6921b2001b68fd9cdda6ba673a9f301d959ccc5ef8f36a02f7a09c03e2e9df33f1ea',1,1,'oauth','[]',0,'2018-09-30 02:05:46','2018-09-30 02:05:46','2019-09-30 07:35:46'),('50d68cf2313af390a49d329d816d0686f455ceb842e6f8deb88cfcd24348c9292b0f19dc841b511d',1,1,'oauth','[]',0,'2018-09-28 15:54:28','2018-09-28 15:54:28','2019-09-28 21:24:28'),('51ab0068f19dad90badc2f399f77651c5326129305dfc41cdb5936642bc9ce2c49f2d5950e47fd74',1,1,'oauth','[]',0,'2018-09-28 23:44:10','2018-09-28 23:44:10','2019-09-29 05:14:10'),('52bcd52b9ffed2f53b2c8157f1b9b7a7421cef5ca76935d2fbd07b8e6942653138500e057eb09f73',60,1,'oauth','[]',1,'2018-09-23 00:57:44','2018-09-23 00:57:44','2019-09-23 06:27:44'),('532b5856806cdabe8e073ad06a5704466c1dcc0089502148d73b109d1e91a9e31db4ba68ed53fdd5',1,1,'oauth','[]',0,'2018-09-29 07:40:06','2018-09-29 07:40:06','2019-09-29 13:10:06'),('53e633a681e509ec8091eb4d0c17bbe1dbfcca28a2cd321bd460468902b2daec251489e1c7947ac5',1,1,'oauth','[]',0,'2018-09-29 03:58:29','2018-09-29 03:58:29','2019-09-29 09:28:29'),('53f113d52a6d748fbcbe5dcb039da90cae926e7b759d8977082f3f12d263f0e53637f11928f3dec9',1,1,'oauth','[]',0,'2018-09-25 11:15:20','2018-09-25 11:15:20','2019-09-25 16:45:20'),('544f0df0780acff69a9ecfb7b1e3d1cba90897aa3113d205527fdc360f3b9bfb79a7ffb6356a1dcb',1,1,'oauth','[]',0,'2018-09-29 02:54:20','2018-09-29 02:54:20','2019-09-29 08:24:20'),('54a37b74147151cdc05719ba5412fc30d626cfc47db19b252965e4ff71965c3b9d542f47b878b01b',1,1,'oauth','[]',0,'2018-09-29 09:40:34','2018-09-29 09:40:34','2019-09-29 15:10:34'),('557931f6979a03d99f42cd0020264299be3f9e32974a52504dc596b8f009d76baac62cd4f6ab17f2',1,1,'oauth','[]',0,'2018-09-20 05:41:21','2018-09-20 05:41:21','2019-09-20 11:11:21'),('5605076a2930bf77bf0e1db31c79a005b3c900477885e0fc74d3bd620c3fd9a35e31d1f24230fba5',1,1,'oauth','[]',0,'2018-09-26 01:10:31','2018-09-26 01:10:31','2019-09-26 06:40:31'),('5658d731dbfebc527f3578e931a803154be4fc058aa3e726605226bc9ecb276a8402f7a6e38688f2',1,1,'oauth','[]',0,'2018-09-29 01:27:49','2018-09-29 01:27:49','2019-09-29 06:57:49'),('568ef279e4683474b55fafc1859f623977a56f34c679fd75dbb14fad4664f8112a60b92b55b44440',88,1,'oauth','[]',0,'2018-10-11 01:34:23','2018-10-11 01:34:23','2019-10-11 07:04:23'),('56db41a79706876468a7f584880038a1567267e62273e7ab7392b1ecf6acf10583c65463fd1690fd',1,1,'oauth','[]',0,'2018-10-06 23:23:42','2018-10-06 23:23:42','2019-10-07 04:53:42'),('57091eae683fe68e88db1320117eea03e42c5899491c7a3e5350d8968723e4200de662ba600c2afc',1,1,'oauth','[]',0,'2018-09-29 10:22:56','2018-09-29 10:22:56','2019-09-29 15:52:56'),('57499a80d50c195da1616719dcd523ea58c21805cd14f39c0589f587416d6cd0662835b2fe95a2a4',1,1,'oauth','[]',0,'2018-09-29 01:21:07','2018-09-29 01:21:07','2019-09-29 06:51:07'),('57615f2d9fc90012db79a527440a403a285ee11594cd4f0e225ae1de0c70fb637b39853fe35dfdce',1,1,'oauth','[]',1,'2018-10-03 00:26:55','2018-10-03 00:26:55','2019-10-03 05:56:55'),('57bc61b32bea49f9eb5f926189acaee095b6139acd066cf57614ab18f216eb61d865a0530e56b2d0',7,1,'oauth','[]',1,'2018-09-16 20:26:55','2018-09-16 20:26:55','2019-09-17 01:56:55'),('58368124117d68973562fda82144e8b3808f2cb462cb157ba2fa966b52c2d9a13bfc5dc7308e8a84',1,1,'oauth','[]',0,'2018-09-29 03:58:14','2018-09-29 03:58:14','2019-09-29 09:28:14'),('592af845c58c8d6d74fc05af9208cd3ea19d7bb3bb40b796f46c6c13b9fda78db4de9d1449f611c4',1,1,'oauth','[]',0,'2018-09-29 07:30:12','2018-09-29 07:30:12','2019-09-29 13:00:12'),('5a4f19c0d86ee4d0d5d0fb503385f8c75835c3cb0b67f06a4aafdaf089f70d57b5921b487323263e',1,1,'oauth','[]',0,'2018-09-28 23:53:13','2018-09-28 23:53:13','2019-09-29 05:23:13'),('5acbdd0078defade768668e5c1aeb736a7953d4c3dd7213dfb51f7c774452f631f9fd86bcb2b27d3',64,1,'oauth','[]',0,'2018-09-23 05:23:28','2018-09-23 05:23:28','2019-09-23 10:53:28'),('5c33f24db515326fcddd4fc618a8247b3f861429dfb0642219e9daf7f7e96b7e03309fd3f6d91f1e',88,1,'oauth','[]',0,'2018-10-03 12:25:33','2018-10-03 12:25:33','2019-10-03 17:55:33'),('5cabe37361e9b811867463e95e1906fcae424df9031fda99af73a1beffed06d647254c78fc09ded7',1,1,'oauth','[]',1,'2018-09-18 13:09:14','2018-09-18 13:09:14','2019-09-18 18:39:14'),('5db1303301618f7221473d30dd43f26d226fcc994f53a8a83d05657387c570150e9fe5f22a16b05b',1,1,'oauth','[]',0,'2018-09-18 13:03:46','2018-09-18 13:03:46','2019-09-18 18:33:46'),('5e1169ab7c3d41bec14eeb6a56d062fcdf40c7172767e7b91089b73455b46f97520eea94ff213db1',1,1,'oauth','[]',0,'2018-09-29 09:50:40','2018-09-29 09:50:40','2019-09-29 15:20:40'),('5e866a7a777b4811b69d02499567dfdff875e1d37e418f670086e096205e451d3ce04b6a57552ad8',1,1,'oauth','[]',0,'2018-09-29 07:52:55','2018-09-29 07:52:55','2019-09-29 13:22:55'),('5eb7a2dad6cb5333d713ed49c1c5a1097d5a07370728d0ef5cec5969c01bdb68ecd955d5858d591a',1,1,'oauth','[]',0,'2018-09-25 11:09:57','2018-09-25 11:09:57','2019-09-25 16:39:57'),('5f56e90b147880e6ae15281b404da7c39900006a157d19d34738d1883118cece6f7a0fdcb0c00959',1,1,'oauth','[]',0,'2018-09-29 09:34:39','2018-09-29 09:34:39','2019-09-29 15:04:39'),('5f886ad160a5546596c3bd1f5fc2d9fceb9ad8fe1efb3d7dc23a4f81f309e4e7d442c0d2d07e0aea',1,1,'oauth','[]',0,'2018-09-28 23:40:16','2018-09-28 23:40:16','2019-09-29 05:10:16'),('5faadadd64993082f58794032988a9f545beb13dee87f15786820f3b73db350e8fb520a910301b0a',1,1,'oauth','[]',0,'2018-09-29 10:25:07','2018-09-29 10:25:07','2019-09-29 15:55:07'),('6121bfda88d512adffc3e68a3fd8e02eae15df3d370a4c64331f6132cc6568b4ec646c7a313bccdc',1,1,'oauth','[]',0,'2018-09-29 08:10:02','2018-09-29 08:10:02','2019-09-29 13:40:02'),('61bf62d44e6a71d51aac01a0cb8aeb79ba31d345d04fdd820074ece465213828cba34d7edbfbdd37',1,1,'oauth','[]',0,'2018-09-15 12:29:26','2018-09-15 12:29:26','2019-09-15 17:59:26'),('6328831dd7f23c3e72b3d209b973321f8b75aaf974fb33dff54e6315ae242f1ce12f4c6d72555d94',60,1,'oauth','[]',1,'2018-09-20 05:54:39','2018-09-20 05:54:39','2019-09-20 11:24:39'),('644416d939f7881b25ed9c7d900409eb6461d734b674c0952e36f531cf3644ec98368eda8bfb1317',1,1,'oauth','[]',0,'2018-09-28 15:43:49','2018-09-28 15:43:49','2019-09-28 21:13:49'),('6559d8a9e6de0f2db4b7b1dd40f46b3f7b836d0cc77231d7d4d09c3c1f8dda55ea712ea8dfa8e18e',1,1,'oauth','[]',1,'2018-09-22 10:19:25','2018-09-22 10:19:25','2019-09-22 15:49:25'),('655a753af85368e6b30aa8ecb3c16faa27079227272ba466b286f745f5067e63c692b1e03c86bd91',1,1,'oauth','[]',0,'2018-09-26 01:26:25','2018-09-26 01:26:25','2019-09-26 06:56:25'),('66153ea2f05ab7a5f88a04c7b111b8671bf74f8f3baa36f65497456851573bea047faaee633aabf5',1,1,'oauth','[]',0,'2018-09-29 01:07:18','2018-09-29 01:07:18','2019-09-29 06:37:18'),('672c8d41f21a2a9a825919c6222e5700c31167a4e5c0ea531ef8506663a9c0245114b4ea05e1a955',1,1,'oauth','[]',0,'2018-09-23 01:43:50','2018-09-23 01:43:50','2019-09-23 07:13:50'),('67c2f9644fa96ebe462c783f4b44a0b47eece79a6a940fe3e16a8ec0cbd6d9cdd18aa54a48ba8c4c',88,1,'oauth','[]',0,'2018-10-11 01:28:57','2018-10-11 01:28:57','2019-10-11 06:58:57'),('68a4a5365e61b2482039133c050a2c7bc33fc6650d9abe58d50d1baa901523946e3233ec4416a4e5',7,1,'oauth','[]',0,'2018-09-16 21:04:14','2018-09-16 21:04:14','2019-09-17 02:34:14'),('68a71858946774c44b73d33eea17ea8bfd529719784994c5aad7e094742a9d81ee6cf65ecebb285d',1,1,'oauth','[]',0,'2018-09-29 04:41:32','2018-09-29 04:41:32','2019-09-29 10:11:32'),('6930bb65c8033b46b476c756493fb6459bf322c7538773d51585f61690c4768efaaa093938bb3543',1,1,'oauth','[]',1,'2018-10-02 22:05:48','2018-10-02 22:05:48','2019-10-03 03:35:48'),('6a89b96588844e8d33d66a2c2dbd5ef338c7cdf299eae1d97d8d73bc5a7122d44e4b9d72c5e23419',1,1,'oauth','[]',1,'2018-10-02 22:19:58','2018-10-02 22:19:58','2019-10-03 03:49:58'),('6a8c92f5d8cc27b19c66b38caf7e46ba089612b413ba733c94f91a167724a6340420b0b2de063ed5',1,1,'oauth','[]',0,'2018-09-29 01:49:06','2018-09-29 01:49:06','2019-09-29 07:19:06'),('6a9a1acf25b746c12fcf211a649b7b62922517e5a3f5e616410734ff1198f858ef4cac7cf7385005',83,1,'oauth','[]',0,'2018-10-03 09:51:21','2018-10-03 09:51:21','2019-10-03 15:21:21'),('6b75459914ab70a14cde8b47b9f802f4e071b894cbff26d853095995dc2123516e02cdff7e12cf54',7,1,'oauth','[]',1,'2018-09-17 02:22:14','2018-09-17 02:22:14','2019-09-17 07:52:14'),('6c7723d5c92fc4ac1a22e2c4e07fd56814497ce70109176d74b1058c0f3d7a172448f318e33e5dd9',61,1,'oauth','[]',1,'2018-09-20 05:57:15','2018-09-20 05:57:15','2019-09-20 11:27:15'),('6d90a0c2a722adfeafa6aefcac2445eb9c38e30e81fbe72b9f9d146679016f67ab83d0a4f5db4b93',1,1,'oauth','[]',0,'2018-09-29 09:44:35','2018-09-29 09:44:35','2019-09-29 15:14:35'),('6db2a476bcc38244a34614877b48a38d1c9e8e1a1dcd808654d6f416469e11d770d6455f150edcb8',1,1,'oauth','[]',0,'2018-09-30 02:52:00','2018-09-30 02:52:00','2019-09-30 08:22:00'),('6e7f86037e02c736145125fc469aa675eaa55e70876f56e082a904febabbf052657aa034c04dc960',1,1,'oauth','[]',1,'2018-09-16 10:13:00','2018-09-16 10:13:00','2019-09-16 15:43:00'),('6ed1a56a7ab1fdf59253ada471e47010933333aa24e415d2deaafc76dc5228a5e566d1ab3b49f6a0',1,1,'oauth','[]',0,'2018-09-29 23:18:45','2018-09-29 23:18:45','2019-09-30 04:48:45'),('71774a788c21f4bf32936d920b5c2a2b1f6e75b9e3a89801fe7259c6a3117a2890f038ea8ed208bb',88,1,'oauth','[]',0,'2018-10-11 02:03:12','2018-10-11 02:03:12','2019-10-11 07:33:12'),('71eebb4489fab4a2e852c00bd4350ab26082c676a87890264712f73cfd9b3aacbbc18ff883af09d3',1,1,'oauth','[]',0,'2018-09-22 13:21:53','2018-09-22 13:21:53','2019-09-22 18:51:53'),('721946b528050e497a40c4e1998914029fefd47efeebfd44fb477b04ea7bcbb591d009ae2263a03d',1,1,'oauth','[]',0,'2018-09-29 01:13:07','2018-09-29 01:13:07','2019-09-29 06:43:07'),('72bb103e656d3afa6ad3155f6705c58019e7fb0da4e63a45e42ccaea02c5038d92a0b252c7ace0d1',1,1,'oauth','[]',0,'2018-09-29 07:33:52','2018-09-29 07:33:52','2019-09-29 13:03:52'),('733de6c9c206ee6c1c1e294e4806ebb32c9e8c4658db904cf7d58e3fcb5e88a3a30a9523a181302f',1,1,'oauth','[]',0,'2018-09-29 09:40:33','2018-09-29 09:40:33','2019-09-29 15:10:33'),('73a62331966713bc7d20e84df35a6facb2ca4e2ee8984fe1e2bbb996124f3a33c3076b923ab58020',1,1,'oauth','[]',0,'2018-09-29 10:57:56','2018-09-29 10:57:56','2019-09-29 16:27:56'),('73c17012a379c58d9a8be620c89050b184339dcb5e8102761a5d2d35ee7f702bb383f2126c441554',1,1,'oauth','[]',0,'2018-09-21 11:38:07','2018-09-21 11:38:07','2019-09-21 17:08:07'),('7507b2d6c30e3c02ca4218145ee08f000e52e795dba6b111d8cfdca1abf520b7133984ccccb4b16d',1,1,'oauth','[]',1,'2018-10-02 22:43:31','2018-10-02 22:43:31','2019-10-03 04:13:31'),('752b8357383548c925f30d0760d2755be306dbbbcc05d4795b3bbbd7b0964118c430adb816c7caf9',87,1,'oauth','[]',1,'2018-10-03 11:17:07','2018-10-03 11:17:07','2019-10-03 16:47:07'),('752f2a84fd69697d902326eed8bd5223a57213400e9cb8c33996c2ad2a2f9cc5dd2005aed31233b8',1,1,'oauth','[]',0,'2018-09-28 15:44:24','2018-09-28 15:44:24','2019-09-28 21:14:24'),('764e256c8fe8e44f931e9e1391fed8010d31707f965ee4d117cdfe88565f1efb6571effc77d42840',1,1,'oauth','[]',0,'2018-09-29 01:03:33','2018-09-29 01:03:33','2019-09-29 06:33:33'),('77839f17621569a4411c7d3e0af7ae1901f62844224574e67698a9c315064eba1c3071d0e1c5e3e8',1,1,'oauth','[]',0,'2018-09-29 09:46:11','2018-09-29 09:46:11','2019-09-29 15:16:11'),('7808ef337903fabbf4a6d45c064c3029078dc8bccd49088b6f3f2cc0eee84cf64a8489f0ac922e94',62,1,'oauth','[]',0,'2018-09-23 04:52:48','2018-09-23 04:52:48','2019-09-23 10:22:48'),('7813fc39e26bc8d2bf5f8a8512855289620db666584a54594b749af5415a66e1547e9cbbcf621c5c',1,1,'oauth','[]',0,'2018-09-29 09:59:04','2018-09-29 09:59:04','2019-09-29 15:29:04'),('7894439d811ae1bd561085001ed33ee0893c74eb0cad17e720b5f3c525c16e521aa8c67392568c89',1,1,'oauth','[]',1,'2018-09-16 23:42:06','2018-09-16 23:42:06','2019-09-17 05:12:06'),('7911f0ed128f5aa73ba67c30800d9bc7a86a4622a81ae673bbcc187499a9d4882af65651cdd5c420',1,1,'oauth','[]',0,'2018-09-28 15:38:53','2018-09-28 15:38:53','2019-09-28 21:08:53'),('7967207051382f7e52ca6d16f9add63376d75e5b4c32d54b63fcc9950de8e6bf0284a297d8a53cfb',88,1,'oauth','[]',0,'2018-10-11 01:38:32','2018-10-11 01:38:32','2019-10-11 07:08:32'),('79ee5601157cf8642047f5eb99a1f1c29f7b7d8e5fe80eb61468f3195aed34c25a2e63907446f803',1,1,'oauth','[]',0,'2018-09-29 10:12:55','2018-09-29 10:12:55','2019-09-29 15:42:55'),('7a5553558b3c7d68619d3f0f6a240b518ae0da0d57bf319c588561ccb2de165f9640d271f6d99e59',1,1,'oauth','[]',0,'2018-09-13 21:46:26','2018-09-13 21:46:26','2019-09-14 03:16:26'),('7b4effe650fcf239d768b59f3be94176ee75f66938ff1de182c95bc76ec33200fa10162200f899b4',1,1,'oauth','[]',0,'2018-09-29 12:11:37','2018-09-29 12:11:37','2019-09-29 17:41:37'),('7b522e20808362ee5a9c784712d5dbfd3e00711ae9b75a5c2fab1bf1220fa6a03253318d40f53e0e',1,1,'oauth','[]',0,'2018-09-29 09:31:37','2018-09-29 09:31:37','2019-09-29 15:01:37'),('7bc4e00399e51b5deb17cada917f0d401684670250d62c90f370de69994d673e24e30de6a67f6749',7,1,'oauth','[]',0,'2018-09-16 21:05:04','2018-09-16 21:05:04','2019-09-17 02:35:04'),('7c7656f99b3761205b5dab06f955b0b14dfd0e31d7bbcfa35b4ad65702fc0ca8fba7d69c13397072',1,1,'oauth','[]',0,'2018-09-30 03:09:17','2018-09-30 03:09:17','2019-09-30 08:39:17'),('7cd6875256a91200caf4a391ee3f76592bc0bb0b511ea4746041996ef9fbeee34748e4b84fbb8eb8',1,1,'oauth','[]',0,'2018-09-13 06:04:20','2018-09-13 06:04:20','2019-09-13 11:34:20'),('7d949effb117365ad556f69d2e14e0b54b5da67168737d580a0730c39b49a88fe56fb05612dec96e',1,1,'oauth','[]',0,'2018-09-29 01:09:54','2018-09-29 01:09:54','2019-09-29 06:39:54'),('7dc05cf155ce0fd7d81cf67c7c527588941b20ad155e7419f4e640f5a1c9183a8d1abbcac52a7fd2',1,1,'oauth','[]',0,'2018-09-29 01:16:21','2018-09-29 01:16:21','2019-09-29 06:46:21'),('7e2e155ecc3bffc8d562200fd770a75f9b6b8da86d1b12081bbe56043cb1bc3fd60f2358c2075b87',1,1,'oauth','[]',0,'2018-09-29 04:38:54','2018-09-29 04:38:54','2019-09-29 10:08:54'),('7f693feb80e084bfa4e1840c023ff12c6a8a934df396db4c1717ccac7c137c1c880ee9bfd5777518',1,1,'oauth','[]',0,'2018-09-29 09:49:53','2018-09-29 09:49:53','2019-09-29 15:19:53'),('7fa20f2dd938ba215aec487823700b07e4748b32e5f371a0913f7d4c40b09d8261738150cf80bcc9',1,1,'oauth','[]',0,'2018-09-20 04:49:53','2018-09-20 04:49:53','2019-09-20 10:19:53'),('80150d0a0ddcd1c3af6505c22826f206bc272a814dcb1160c7c1980ac23de538e26edc4c0d6cf96d',86,1,'oauth','[]',0,'2018-10-03 11:08:41','2018-10-03 11:08:41','2019-10-03 16:38:41'),('802b22c0c9bce901869219898de4eb819080bbc3555060865bef2013143ae1dcea6b93dad91d5c14',60,1,'oauth','[]',0,'2018-09-20 04:29:10','2018-09-20 04:29:10','2019-09-20 09:59:10'),('8149bb257e723161bb35b1fe7abcee3ed911297ae34e97ff30a542038395b1fd3a9fe86c5984006b',1,1,'oauth','[]',1,'2018-09-25 00:18:43','2018-09-25 00:18:43','2019-09-25 05:48:43'),('832c858aa03398fee7ae47a49ae82bb90e6081ba3305988312c3f142529271b915e16f9e10e9b453',1,1,'oauth','[]',0,'2018-09-28 15:49:21','2018-09-28 15:49:21','2019-09-28 21:19:21'),('83fb5188bcbfe31d26d97b70553da298d5258eebd59d7cbd749648feaad371657ea9e95da3198fd4',1,1,'oauth','[]',0,'2018-09-29 10:22:51','2018-09-29 10:22:51','2019-09-29 15:52:51'),('851e3e47bdd2a43cd673f087f096b10ba00eaa375c9aea10bec12c250acd70b561437fd1a22a529a',1,1,'oauth','[]',1,'2018-09-16 22:56:07','2018-09-16 22:56:07','2019-09-17 04:26:07'),('85470c2a8967ef55acea02cfe4f9f3423255cfba61d47fba0e63ffc44bfff9640f31dce3c56edeac',1,1,'oauth','[]',0,'2018-09-29 10:59:11','2018-09-29 10:59:11','2019-09-29 16:29:11'),('86b957130ace57329ffd005542981ac7b92008e37b187111c2ef5af2e95febffb3fadc76d673b73e',1,1,'oauth','[]',0,'2018-09-29 12:13:55','2018-09-29 12:13:55','2019-09-29 17:43:55'),('872cc6964550585257dfbbe149866438fc37e3ebbaf2be7cde7d980f62da436c2cc2a4498b0b52d4',1,1,'oauth','[]',0,'2018-09-29 10:05:56','2018-09-29 10:05:56','2019-09-29 15:35:56'),('88bc7928f16d7b423d204ff4c8bcac4de12d7e65b393592457795947f1775819c2982048988677f1',1,1,'oauth','[]',0,'2018-09-28 15:32:14','2018-09-28 15:32:14','2019-09-28 21:02:14'),('89fde8a8c54b781bb4656dacbfacc8119d566747ef1b5533997d683b32fb7c2f2f6659230ad937d0',1,1,'oauth','[]',0,'2018-09-29 10:46:10','2018-09-29 10:46:10','2019-09-29 16:16:10'),('8a30a457b6e8181ea33dad90adeb2e25a1c1dfdb0858a954bf9c9b7da8682f2d6c4d03c07426e845',7,1,'oauth','[]',0,'2018-09-18 13:35:11','2018-09-18 13:35:11','2019-09-18 19:05:11'),('8be6cf476b1be5dc37c345ded997076659b39ae00b2cac8f49372592dba4d9ffc5f294b09b23c5d6',1,1,'oauth','[]',0,'2018-09-29 03:49:15','2018-09-29 03:49:15','2019-09-29 09:19:15'),('8bf2c6991b948fe825bfa62ec5bf1ce8ea4df737926d2aa7a8c884e5bc8760b0b6fe3c16685258d7',1,1,'oauth','[]',1,'2018-09-21 11:35:04','2018-09-21 11:35:04','2019-09-21 17:05:04'),('8cef9b26a851f4769293ddee93775c421a18a31dfa72c3ca1e2854e88d41eafd37ac649059a8b916',1,1,'oauth','[]',0,'2018-09-29 13:23:48','2018-09-29 13:23:48','2019-09-29 18:53:48'),('8d29c068726002a8cb9f9357e9527463dbefa681dd0f80b8f54ec0e3bb89e64e4f62028ebf1dadac',1,1,'oauth','[]',0,'2018-09-25 11:17:18','2018-09-25 11:17:18','2019-09-25 16:47:18'),('8d3139916260d4d46e1d4df362b232c05a160a4453ef85d190f24d80ee8620473f83a8337c662ff6',59,1,'oauth','[]',0,'2018-09-20 00:30:45','2018-09-20 00:30:45','2019-09-20 06:00:45'),('8d3d91bd1cfc87ca53d32cb21b28bc9a2d26bc3a3b22810f6e77e2afa1c8b1424650913cac266e85',1,1,'oauth','[]',1,'2018-09-14 23:02:37','2018-09-14 23:02:37','2019-09-15 04:32:37'),('8d3df86f69b9a3f3e7d41d2a309e65352ebeebf262f9a8f08d97ab50e4a7038ae1c2406da16b30e9',1,1,'oauth','[]',0,'2018-09-29 12:25:49','2018-09-29 12:25:49','2019-09-29 17:55:49'),('8eb6abfdef65df43e009291c3ee5c8047e19b22ef017eadfd00d74b57287cadafba4feda1fc707b2',1,1,'oauth','[]',0,'2018-09-29 10:24:16','2018-09-29 10:24:16','2019-09-29 15:54:16'),('8f34d527e83fa2ec6ba7d47d9a4642bb47418250fbc22625433f31d0025ff945d5ee314e4805e454',1,1,'oauth','[]',0,'2018-09-29 23:17:18','2018-09-29 23:17:18','2019-09-30 04:47:18'),('91311927a81e84f578bd6f210ade94e1b1291854655ee8a76a6fc569a57dd6b9d34de7b52e47ec9c',1,1,'oauth','[]',0,'2018-09-29 09:55:37','2018-09-29 09:55:37','2019-09-29 15:25:37'),('91e61bcadba6a0e950afc96f37f06a569a37fbc2e68c2e1e45a4d182da43dc86fa36aa9b0b61bf1b',1,1,'oauth','[]',0,'2018-09-30 03:10:36','2018-09-30 03:10:36','2019-09-30 08:40:36'),('9333ae2c1976fd81e7f28dc7c65329186ea5b3de6e535865ec7fcd436688e3acfcc0478fbe3d2a49',88,1,'oauth','[]',1,'2018-10-03 22:36:47','2018-10-03 22:36:47','2019-10-04 04:06:47'),('940606e67251eff2b29fb1f3181d7d9c2f1e609b2bf7e2666a58b02c371a47604df9fef57575da86',1,1,'oauth','[]',1,'2018-09-16 11:01:36','2018-09-16 11:01:36','2019-09-16 16:31:36'),('9448bf7c6ff0bb10b39f460ad1232263ab74af446f3d4e565085a7c086ec16daefc9754e8e76fbc2',1,1,'oauth','[]',0,'2018-09-29 09:58:23','2018-09-29 09:58:23','2019-09-29 15:28:23'),('95c1d6f9f5ec4bb12274c4a3144fd02249c37d6d21bf2613670907fe4fc693ab1cecbe8443e6fafd',1,1,'oauth','[]',0,'2018-09-29 04:38:16','2018-09-29 04:38:16','2019-09-29 10:08:16'),('963501b565e0dfb0a14cd78867281988190b2d593efebd187e2f6a004252203323636308b6fb69de',1,1,'oauth','[]',0,'2018-09-29 07:29:30','2018-09-29 07:29:30','2019-09-29 12:59:30'),('96f7dbb30ee39a7c4b9b1fc7ef3281f7de3f1bdc859e6a4e066f4a3ed171cb8786ca67d0a17314ca',1,1,'oauth','[]',0,'2018-09-29 10:54:49','2018-09-29 10:54:49','2019-09-29 16:24:49'),('97f51b094c120a28dde7d2ed169460fb9ce8110ad24a0941f4da1a0e2dd49c3d401bc5e67ac4bd49',60,1,'oauth','[]',1,'2018-09-20 04:45:18','2018-09-20 04:45:18','2019-09-20 10:15:18'),('991931d14578c62756391159cbbbe24c7c8a5981035bc6033ae2e8a892472067bc4fae3ecd3122a9',1,1,'oauth','[]',0,'2018-09-29 02:00:40','2018-09-29 02:00:40','2019-09-29 07:30:40'),('9926aba6373c909784f74d3df464abec4dc8171b236492dea02208af8ad46f8c95e05e05af0cf812',1,1,'oauth','[]',1,'2018-09-16 23:59:40','2018-09-16 23:59:40','2019-09-17 05:29:40'),('99db844c2ff9c825cc2032ec33a4d51baadde19f23580eb3cc938ad56861877a1eb397432658830c',1,1,'oauth','[]',0,'2018-09-29 10:07:55','2018-09-29 10:07:55','2019-09-29 15:37:55'),('9b0abb41b97ab046ec40179a8a410ce61683dd0562f7f56f8ffdb27eca3846e30914f25bbd727832',1,1,'oauth','[]',0,'2018-09-30 03:07:59','2018-09-30 03:07:59','2019-09-30 08:37:59'),('9b4da8519029138011b5e32e1480f58a33abab2b6074df064daeda2ca744fa673c3c66a09e64e19c',1,1,'oauth','[]',0,'2018-10-02 22:16:11','2018-10-02 22:16:11','2019-10-03 03:46:11'),('9b98618b79a36006c6a3b3a723cd7da1e57e78ecc47084d65d236d064eea86745553b5ed2044becd',7,1,'oauth','[]',0,'2018-09-17 02:24:02','2018-09-17 02:24:02','2019-09-17 07:54:02'),('9c2348062aaad58a8efb5e3d739c2106b13752b37dc4ff247c90711dd981aa6a45f4d28d8d640161',7,1,'oauth','[]',1,'2018-09-21 06:45:36','2018-09-21 06:45:36','2019-09-21 12:15:36'),('9c8f83e64e3d68d4c805f6d44037df62188c897faf7c44ee5055c4d19afe7c2f822bc02531fb361b',1,1,'oauth','[]',0,'2018-09-29 07:41:37','2018-09-29 07:41:37','2019-09-29 13:11:37'),('9caff4b5dd3097d5109bd17e1fff1edcca3efa3355209491725aec06a99c53e36c244d5dcc4a26e4',1,1,'oauth','[]',0,'2018-09-29 00:58:30','2018-09-29 00:58:30','2019-09-29 06:28:30'),('9d86e9de688b7747e8f84cde353e512800d420a2a3dd9ee14bf8d6a4debcd801c9acc1d15e8ef8bd',1,1,'oauth','[]',0,'2018-09-29 23:11:50','2018-09-29 23:11:50','2019-09-30 04:41:50'),('9d9ce5a583e652afc9dcc36770e95820f3b6a9e798977623ecce4f6056a20bbed18772e24ca10fdd',1,1,'oauth','[]',0,'2018-10-03 00:27:37','2018-10-03 00:27:37','2019-10-03 05:57:37'),('9e7a82571a77a94dfc95dcc07b52f486450fe63899567679c803a3b891bd4ee915f6fbe26cad5d85',1,1,'oauth','[]',0,'2018-09-20 06:22:18','2018-09-20 06:22:18','2019-09-20 11:52:18'),('9f7bd1f41643be7f4c383864691ba437fd0f69b82ed573f4b7a188c1c01771ef981b0abb207b9a05',1,1,'oauth','[]',0,'2018-09-29 09:36:30','2018-09-29 09:36:30','2019-09-29 15:06:30'),('9f9779c0ae2c691569dac65fc2f53fbd171216a688f0be673acf0651e2dca5ada112e47d84f97f3c',1,1,'oauth','[]',0,'2018-10-03 00:26:55','2018-10-03 00:26:55','2019-10-03 05:56:55'),('a02af359fc14be18384418b4c5b43222b8d82738fe3dce356e8f96ad838e724c70e1a55325f2473c',1,1,'oauth','[]',0,'2018-09-29 23:18:27','2018-09-29 23:18:27','2019-09-30 04:48:27'),('a0c2e38c3f2f43fdaa51295c95444c2047020a91c2165945e1c6a707f91733706b7375745f9789fb',1,1,'oauth','[]',0,'2018-10-06 23:28:43','2018-10-06 23:28:43','2019-10-07 04:58:43'),('a0ece42a8084906b2e165e9e90a4bfc56f4fb87068bcfc509ff00c31f2e170619a7bd0e2f6dcb998',1,1,'oauth','[]',0,'2018-09-29 10:05:50','2018-09-29 10:05:50','2019-09-29 15:35:50'),('a1e37e402761a91961d54a127e20a5ac366b774e6cf3ac9ecac89b89495150e44a18a0aca7653933',1,1,'oauth','[]',0,'2018-09-30 03:00:01','2018-09-30 03:00:01','2019-09-30 08:30:01'),('a2420d210ec11c82b55be514772ef404e744216fb46fe4d57c76f3dbe8e957a1f30f5a6060a1bc41',1,1,'oauth','[]',0,'2018-09-29 04:24:32','2018-09-29 04:24:32','2019-09-29 09:54:32'),('a2e18c044bb2712c91c01726ba4634d3589b9613c96380c531ec79063a525965b15029f857949e08',1,1,'oauth','[]',0,'2018-09-29 11:10:45','2018-09-29 11:10:45','2019-09-29 16:40:45'),('a310d1dd4308a06a7522b46b692ab24b7f037bdb03a77997f1196f38dbe82dbfcf655b7b369cb4b0',1,1,'oauth','[]',0,'2018-09-29 02:22:14','2018-09-29 02:22:14','2019-09-29 07:52:14'),('a38d8006ff54e3b15419f12e902f5614d70701a48dcc107ce7d59b75282b6d08c61d73a6310b126d',1,1,'oauth','[]',0,'2018-09-29 06:23:05','2018-09-29 06:23:05','2019-09-29 11:53:05'),('a391a660ea22df22a6ee2949b65f20e7871b9fdb0a4c90630a2655101b7f72c2eff2203154beb539',74,1,'oauth','[]',0,'2018-10-03 08:14:56','2018-10-03 08:14:56','2019-10-03 13:44:56'),('a4fda8fb5b40ec93ec2fe134ec66d5b604a9c1f087b03b041817f047b1c380f84274161662e9253f',88,1,'oauth','[]',1,'2018-10-09 23:06:25','2018-10-09 23:06:25','2019-10-10 04:36:25'),('a541678b60e0e429cc230ed8f6b2c7cc01b21a136aa19a9229c33b149e2ccd5902afd729670c33ba',1,1,'oauth','[]',0,'2018-09-16 06:34:27','2018-09-16 06:34:27','2019-09-16 12:04:27'),('a76d74463a5f0c224651c0541ac460850110f71b6d2d092d6c0e4df12b495f8a704c722aff08cd1d',83,1,'oauth','[]',0,'2018-10-03 09:48:56','2018-10-03 09:48:56','2019-10-03 15:18:56'),('a780f4d7b92dac7107665c03e60131f912e5722efe052bc62ee718ea044ac44ce8fae698672366fe',1,1,'oauth','[]',0,'2018-09-29 09:46:11','2018-09-29 09:46:11','2019-09-29 15:16:11'),('a87cd05710939a678971c2d70a3f335656c08f5e8081c5d7fa7d15e2ae9a5369ea5954adb9eb9fad',1,1,'oauth','[]',0,'2018-09-21 11:04:50','2018-09-21 11:04:50','2019-09-21 16:34:50'),('a8cbddb5283bc92152a0732baa15ce07594ebaa77741a88d647cbd5a3254d3ec36e76bb014a6dee2',1,1,'oauth','[]',1,'2018-09-20 05:39:50','2018-09-20 05:39:50','2019-09-20 11:09:50'),('a8f94805efb06076cf1ccad5a35a7855257509fc8bc282e0ba3a691577fd09f1789ea9ea220d18b2',1,1,'oauth','[]',0,'2018-09-29 02:32:18','2018-09-29 02:32:18','2019-09-29 08:02:18'),('a8fcb8ecf4f33eb9ed71fe9850642822d9b97fbed546a4df53d1a5e236b5d77e881db5277c5ebab2',1,1,'oauth','[]',1,'2018-09-20 22:18:18','2018-09-20 22:18:18','2019-09-21 03:48:18'),('aa04b798d19b1939c6ca3cfd29ff7b51f0a06b714a86fc569ead1ef67297b5bb1f92fe9f08ab8c25',1,1,'oauth','[]',0,'2018-09-26 01:09:52','2018-09-26 01:09:52','2019-09-26 06:39:52'),('aa1e2791384021f9ca56c4d46b52718171d73117989431879b2664b0b3fa8ce33477237cf83321f4',1,1,'oauth','[]',0,'2018-09-28 15:29:25','2018-09-28 15:29:25','2019-09-28 20:59:25'),('abcac102a4409c20f06c359d775daebeac5decf39d5598fa2b9193701c28fd25c7926d75ab02f2a6',1,1,'oauth','[]',0,'2018-09-14 23:17:51','2018-09-14 23:17:51','2019-09-15 04:47:51'),('abe5849233959a4b1595a685bbfec7b53fd2436d4d015f6907bbb5745991b6f278150af9bc5b7458',1,1,'oauth','[]',1,'2018-09-25 00:08:45','2018-09-25 00:08:45','2019-09-25 05:38:45'),('ac6f1e4e318b006ca4936a1e5e43990b9aaa8df299a746346f369e519352d45ed4e2006595deeea8',1,1,'oauth','[]',0,'2018-09-21 06:56:33','2018-09-21 06:56:33','2019-09-21 12:26:33'),('ac87da0506f588b7610ada5f9e05bda01dd13d77e045ed7decda461d286ae858ee351cf5dc1fec81',1,1,'oauth','[]',0,'2018-09-29 08:16:49','2018-09-29 08:16:49','2019-09-29 13:46:49'),('acdd94b88b381727b2843927316d750eb077a337d346d005aa497839b998c1c54302be885d2ba1d0',1,1,'oauth','[]',0,'2018-09-30 02:12:48','2018-09-30 02:12:48','2019-09-30 07:42:48'),('aef1ecd96f7abd189a1b1b212366d2a1324c930fe3c57220a87f1d7bcd53cc1d3dbf632ddb928716',1,1,'oauth','[]',0,'2018-09-29 01:50:38','2018-09-29 01:50:38','2019-09-29 07:20:38'),('b0be8df3841d766073a39d60a0587dbe6574f93e62fbd01b5827ad88bff30e4c8c1522b16516c593',1,1,'oauth','[]',0,'2018-09-29 07:47:42','2018-09-29 07:47:42','2019-09-29 13:17:42'),('b0d43a1761d43f6b2e53b6d36d736f53f06ffe1a82036b2c591c2306b0c225665940f53b8a018130',10,1,'oauth','[]',1,'2018-09-14 23:06:40','2018-09-14 23:06:40','2019-09-15 04:36:40'),('b17b38b160fbc4b7f600edb4e8029dfdcae9be0be3ca9a7d3fc60ee0d3f1232f10cf525e8182ed49',1,1,'oauth','[]',0,'2018-09-29 09:57:06','2018-09-29 09:57:06','2019-09-29 15:27:06'),('b1c4670e65200617e81a3b86cac62c6ced69bfa3b696615b48b777bf4b5bfe35ae451b6297dfcf3e',1,1,'oauth','[]',0,'2018-09-29 11:04:28','2018-09-29 11:04:28','2019-09-29 16:34:28'),('b233cf4b4fe14bf289c3488083e4905e5bd5e1d437add6e12e4ab67efcfe9149e1ad27a7339853f9',61,1,'oauth','[]',1,'2018-09-20 06:19:11','2018-09-20 06:19:11','2019-09-20 11:49:11'),('b31c7ddc0c3e5a3dd519c5cd664e455b4046fdafdb04320982a415e7518c5c449be5657f18ae6e39',1,1,'oauth','[]',0,'2018-09-22 13:31:02','2018-09-22 13:31:02','2019-09-22 19:01:02'),('b48e2ef6348c6c9a4adf61c2876516db6aacc613ce4400dd44def77062b862bbebb9df181c0089d8',1,1,'oauth','[]',0,'2018-09-28 15:32:05','2018-09-28 15:32:05','2019-09-28 21:02:05'),('b49f36250deb75a88d7e75fe7e240000e3cb66193445b0b1fc4f57077727cd486c696c0a70b089f4',1,1,'oauth','[]',0,'2018-09-29 11:09:52','2018-09-29 11:09:52','2019-09-29 16:39:52'),('b4d211bd653f87fc93b64cc4d655088a64ced3a207bb6d2cd09cf13a04e45ee525e01e888d19166d',1,1,'oauth','[]',0,'2018-09-29 01:56:38','2018-09-29 01:56:38','2019-09-29 07:26:38'),('b4d44af95b75d85eaa89abb9f01f6ec7819defbe4146b9db44a80fd0a57e8c66a69ba284e51ce969',1,1,'oauth','[]',0,'2018-09-29 07:45:13','2018-09-29 07:45:13','2019-09-29 13:15:13'),('b5a22d080865f99f4a818c63b763b3a95c5b941c5cd26febc89b66a9b0847a821d196d4782cff50f',7,1,'oauth','[]',1,'2018-09-16 22:59:19','2018-09-16 22:59:19','2019-09-17 04:29:19'),('b623201565fbd67faccf61a474934e1fec7f61dfd63e79fa56a3f9467acfc1425347d510579a5623',1,1,'oauth','[]',0,'2018-09-29 00:09:56','2018-09-29 00:09:56','2019-09-29 05:39:56'),('b647177e7e92bb51cdbf33234d13f2d181756a569af1df22221b0b5b6999e3c2af9ebc39e0ed5a20',1,1,'oauth','[]',0,'2018-09-17 01:43:25','2018-09-17 01:43:25','2019-09-17 07:13:25'),('b86f06023c13f78849a18f23b07903f6aa3ebb5ed1692f535cbbf0067f7cb40363b559323bcf65b0',88,1,'oauth','[]',0,'2018-10-03 12:27:34','2018-10-03 12:27:34','2019-10-03 17:57:34'),('b8c2edd01208a842c96f38eb18218ddcaf5d719e28141d1148d48760bb4ca22d4fcce3cc654c2461',1,1,'oauth','[]',1,'2018-09-20 04:44:44','2018-09-20 04:44:44','2019-09-20 10:14:44'),('b8cacb435022aaf8a1880ec0a66f6f9c573497c0affa955f658211a1d023a8debd73eb5e11b4dce6',88,1,'oauth','[]',0,'2018-10-03 12:29:26','2018-10-03 12:29:26','2019-10-03 17:59:26'),('b90cdfd7dbc31a6eb529f828eeb8f0f2d80e2f90b8f25d2f216ee21da4f32a997fe5f21cdb1cf638',1,1,'oauth','[]',1,'2018-09-20 05:47:10','2018-09-20 05:47:10','2019-09-20 11:17:10'),('b9131afc63676f9786772e0b1f76338102777b97f0d6f3c176cf79daf148f3e96b2e709bc8391d7c',88,1,'oauth','[]',1,'2018-10-11 01:46:32','2018-10-11 01:46:32','2019-10-11 07:16:32'),('b9a232ab266df5cc58b3f585406241ee94735f4704dcafe61a2f1c057648931df9c24d9ba9ac03e7',1,1,'oauth','[]',0,'2018-09-28 23:56:54','2018-09-28 23:56:54','2019-09-29 05:26:54'),('bc1450ee7bf40bc17874d3bcd23918dac05a9ce6de10b37bc9a83021842e6a48b5e69c4690a7e510',1,1,'oauth','[]',0,'2018-09-29 10:06:28','2018-09-29 10:06:28','2019-09-29 15:36:28'),('bc1aff104f53e5ccc401b6aaf784cd0aecbf8c08d30e58dd3c4ba080793b47d255f74f97917686dd',1,1,'oauth','[]',0,'2018-09-29 07:30:59','2018-09-29 07:30:59','2019-09-29 13:00:59'),('bd752c67245cb51e34815d41987c10a94ba8649f812ee825b36ea77f2a072c1e5738156e59b3c1f5',1,1,'oauth','[]',1,'2018-09-14 09:26:04','2018-09-14 09:26:04','2019-09-14 14:56:04'),('bd9c336e64ba6ae2fdf6949cef2049d1d68e1fd982e4d4c1f1736a67970549d5fcc3c6991776d3b6',1,1,'oauth','[]',0,'2018-09-16 10:10:25','2018-09-16 10:10:25','2019-09-16 15:40:25'),('beb209d6df231464df56dbb2a6411bb09b1f7feb40793de2f9d2929eb94a838d9a1bafedd735ccd3',1,1,'oauth','[]',0,'2018-10-06 23:23:45','2018-10-06 23:23:45','2019-10-07 04:53:45'),('bf464e82a2bdee1cd14fbd3661be41fd90841594667caacbe8406f1f167847ef4803f510e6d1096a',1,1,'oauth','[]',0,'2018-09-29 08:04:49','2018-09-29 08:04:49','2019-09-29 13:34:49'),('bf76dbeb769577580ac991c3477a35c12ba9af1dd2b554d1a3f80a2963e0cffb1d0e627b38abd47f',1,1,'oauth','[]',0,'2018-09-29 07:26:48','2018-09-29 07:26:48','2019-09-29 12:56:48'),('bffe2a42de8738b8db1cd89b6e5b10f4a26b0e51ff3a5c53a20bb5e5fd1a68942cd83ce32cc6f976',1,1,'oauth','[]',0,'2018-09-30 03:03:48','2018-09-30 03:03:48','2019-09-30 08:33:48'),('c1fe7481b3dcfb667b1b553a4816557c2c7a67ce89c82d1bab9d34ce9831e731b341d8f6e1780320',1,1,'oauth','[]',1,'2018-10-02 22:06:40','2018-10-02 22:06:40','2019-10-03 03:36:40'),('c3f4e0b215387e6933d0e772f5d09680f17952364c3ed2dd9fff3f8429af7c1047ca1d260bd81ecd',1,1,'oauth','[]',0,'2018-09-26 01:13:20','2018-09-26 01:13:20','2019-09-26 06:43:20'),('c41f6f9247a35429395c9f3389ef1071131583c88b75752b676ea61ea59aab7c9f521887a5dedf21',1,1,'oauth','[]',0,'2018-09-20 04:37:22','2018-09-20 04:37:22','2019-09-20 10:07:22'),('c468776a9b9a4385dacee1cdee81285efde0680580326ede7217573621a94b916ba6979c4a81862a',77,1,'oauth','[]',0,'2018-10-03 08:29:30','2018-10-03 08:29:30','2019-10-03 13:59:30'),('c6b0fb3ae26adf5b1497fd5ff009d264e97641fe8cb966a6ec0b5497297c27224ba97734d9d721c7',1,1,'oauth','[]',0,'2018-09-29 08:08:04','2018-09-29 08:08:04','2019-09-29 13:38:04'),('c774f9ce4c4ed9f364bfef619df8d508605cb30af6874a0f4cdc094b20ca01e97a54b6849c7d9459',1,1,'oauth','[]',1,'2018-09-20 05:06:17','2018-09-20 05:06:17','2019-09-20 10:36:17'),('c7e1cc193756496361edbf0d60da9e16b265cb6cd0d8d70d33893b635561d12584f5e281e5c0ec72',1,1,'oauth','[]',0,'2018-09-28 23:35:33','2018-09-28 23:35:33','2019-09-29 05:05:33'),('c85ea817afe37bcf5d66d091382fd37d2e326b02edb600070570bf3a6f3ceb7942cf1f66915c5649',1,1,'oauth','[]',0,'2018-09-29 01:06:30','2018-09-29 01:06:30','2019-09-29 06:36:30'),('cabf23d3b3c0d1c1b17656987d1b3063727b20c654f0a21e42a4de37493d0906f9d307ddc515cb86',1,1,'oauth','[]',1,'2018-09-14 23:06:13','2018-09-14 23:06:13','2019-09-15 04:36:13'),('caea40a4f35f715108abc127a1e4fffd8b2d2f7e2a3c45525ab28822c4e1d9b36f27c3e5e6b14dab',1,1,'oauth','[]',0,'2018-09-28 23:31:01','2018-09-28 23:31:01','2019-09-29 05:01:01'),('cb0cf10d77d4e83cd30c61a958a11d75084a814d091d44cacfe10a86099af90522cabbf874903feb',1,1,'oauth','[]',0,'2018-09-28 10:13:36','2018-09-28 10:13:36','2019-09-28 15:43:36'),('cc5fadf9cd15fc762cec276afa79e88270c02b7fbc431f0f63a7534728e10b525a6bb2d8cee3f3a4',7,1,'oauth','[]',0,'2018-09-16 21:17:03','2018-09-16 21:17:03','2019-09-17 02:47:03'),('cdd509a5e177b27532e2d5aaac54077e3750755698d952d845f6833a50106ee829eb9511182e6d31',64,1,'oauth','[]',1,'2018-09-25 00:17:16','2018-09-25 00:17:16','2019-09-25 05:47:16'),('cdd7036896462aba1a535a330830b37f539539fbb04a4aabad884c294c36ee6eb771d002dc9c6222',1,1,'oauth','[]',0,'2018-09-28 15:42:55','2018-09-28 15:42:55','2019-09-28 21:12:55'),('d15d83ee356e9b47b4a075faf1ba04dd8f4947b935b5de4e9ab334d37362454450f75c50029f2940',88,1,'oauth','[]',0,'2018-10-11 01:25:04','2018-10-11 01:25:04','2019-10-11 06:55:04'),('d1bb0d7ac0550628151de8495d0538d78befa7de13f2c6e5c892b76efc19ce99303e9d3099d6d09d',1,1,'oauth','[]',0,'2018-09-29 09:28:56','2018-09-29 09:28:56','2019-09-29 14:58:56'),('d24949573bc2e8c1d11225161a817523102b96482de6cd9fbfb789d0d18c82fc092e6061348ea1c1',1,1,'oauth','[]',0,'2018-09-28 12:47:18','2018-09-28 12:47:18','2019-09-28 18:17:18'),('d38937f7aa5910f7f410bb4bb621f88f9c9ccc06c5a4a938810c8bd5fe34c91eb1aa8357c0ec2483',1,1,'oauth','[]',0,'2018-09-28 23:41:56','2018-09-28 23:41:56','2019-09-29 05:11:56'),('d3a7904d6e45684482c22fd7ba6983c12f9c196cec7267da73b0b58c4bf91ae7f2de3234248c7db8',88,1,'oauth','[]',0,'2018-10-10 12:46:35','2018-10-10 12:46:35','2019-10-10 18:16:35'),('d3c39af2f02574f3fe4bfde5f69bd2bdff4d42625d14973748c9440b0c89a39590d72bd36a6d36f8',1,1,'oauth','[]',0,'2018-09-29 02:25:13','2018-09-29 02:25:13','2019-09-29 07:55:13'),('d42b53733b0160711db5aa79c586bee2992328bc7d571fb05fc0d01f2f7c80a3a6aecba5b6239715',1,1,'oauth','[]',0,'2018-09-30 00:36:27','2018-09-30 00:36:27','2019-09-30 06:06:27'),('d430a914d82fd0f305bd118c8cc0668f882817a718b5dcd1dceaca486426d3fff4de8191e3b5b7b4',1,1,'oauth','[]',0,'2018-09-29 01:12:13','2018-09-29 01:12:13','2019-09-29 06:42:13'),('d4469735ab3fbce34b98ff0a29ffb78756e06a517e9b3dd3a6c6d19e8ef60021ecee01490f0be15f',1,1,'oauth','[]',0,'2018-09-25 11:15:18','2018-09-25 11:15:18','2019-09-25 16:45:18'),('d44a4486d6b42afbc362e522ec925feb5b389ca0f55d3cdaeeee6e0b9aede684908a6c688ec86559',1,1,'oauth','[]',0,'2018-09-29 12:12:24','2018-09-29 12:12:24','2019-09-29 17:42:24'),('d4ccbca756fbf38723f7f24d62a76f3c5ab8b4aaed044038239d7dbd9d5857835b73fc5df643bebd',1,1,'oauth','[]',0,'2018-09-29 08:11:20','2018-09-29 08:11:20','2019-09-29 13:41:20'),('d5c22c6753d4ff0559d2091509871ec3bfe4cc6fd1ee94b989fcc1f627ca2d6d5d99c25f5fa90f5c',73,1,'oauth','[]',0,'2018-10-03 07:38:09','2018-10-03 07:38:09','2019-10-03 13:08:09'),('d648518ecebea7fbbf9ac8c8f74edbb0bb3278ead8f37cdaa0c827b3e1f88610b3e1f7f9090f475b',1,1,'oauth','[]',0,'2018-09-29 23:43:43','2018-09-29 23:43:43','2019-09-30 05:13:43'),('d7338763988f92d8ff6bd86de556461abd3ac25ef33fdbd4abb7650ebd6f392d9a935d92fde1decc',83,1,'oauth','[]',1,'2018-10-03 09:42:56','2018-10-03 09:42:56','2019-10-03 15:12:56'),('d78893bd37637061959906a0ef50c1ade3426f350cd3737823f80f40207571eaf073a3b4e054b3a1',1,1,'oauth','[]',0,'2018-09-29 03:55:10','2018-09-29 03:55:10','2019-09-29 09:25:10'),('d7bf0a441701fced91534679b52db97e1f4a6c4c54e140169671cd46260a7b54d459fbcdf6356415',1,1,'oauth','[]',1,'2018-10-03 23:00:22','2018-10-03 23:00:22','2019-10-04 04:30:22'),('d85e02abe93f3b91319fce50f746cdaecb8ea3842f7eb2c7829a7744198aa6554d47544313083fae',1,1,'oauth','[]',0,'2018-09-29 03:55:41','2018-09-29 03:55:41','2019-09-29 09:25:41'),('d936b2c9bedef531d7ef045ebf3e85d64a2db6c64b0db3272607f39d4360398d852c869ccc06c237',1,1,'oauth','[]',0,'2018-09-26 01:14:58','2018-09-26 01:14:58','2019-09-26 06:44:58'),('d95eb6d2b378902595a2e0292c6080b13c1de5744a164efb657cd2972dee5b9f457e9ab510a3da41',1,1,'oauth','[]',0,'2018-09-29 01:23:43','2018-09-29 01:23:43','2019-09-29 06:53:43'),('d98a715334c0728a15022afc5c5f6c111024e5b3467d77a7d3f25870c84844ef6a18bb31150af6f5',1,1,'oauth','[]',0,'2018-09-29 04:10:51','2018-09-29 04:10:51','2019-09-29 09:40:51'),('d9a43517a59c369e45723ee8230da35cc3834cd54dca8ac9e8266ff5c7654da25686a5e5062814a8',1,1,'oauth','[]',1,'2018-10-02 22:12:32','2018-10-02 22:12:32','2019-10-03 03:42:32'),('d9c1a5dea55415e17a6410d05d799bb434ba3dcee763763cab6dd169edaf7cc4344aefce10ee16b6',1,1,'oauth','[]',1,'2018-09-16 11:05:32','2018-09-16 11:05:32','2019-09-16 16:35:32'),('da2d6d28cdc5f30d1ebd038f104299669675a120d4e2992dcb92fc560e2be91665dae21b1265b233',1,1,'oauth','[]',0,'2018-09-25 11:12:40','2018-09-25 11:12:40','2019-09-25 16:42:40'),('db0e95acb4e815e126ab93ea23bf72f233d84bfd2b2ce9cbf1c8bc8314d422a55191cfb8bc614221',1,1,'oauth','[]',0,'2018-09-28 23:55:55','2018-09-28 23:55:55','2019-09-29 05:25:55'),('db60a5da220d7739a5baf54ef4140d2ed70fcee8a713e47a67825483fab885f03ce32b625cbbafe2',1,1,'oauth','[]',0,'2018-09-29 03:49:21','2018-09-29 03:49:21','2019-09-29 09:19:21'),('dc793d67ec6741b0663cb833c1f6fc9dc900cb1e665caf11f9fafad4bdf2ef4535e3dced447af857',7,1,'oauth','[]',1,'2018-09-18 13:38:20','2018-09-18 13:38:20','2019-09-18 19:08:20'),('dcc370fc724445f24839683aa9c3670d132336b3094a3a7f18f7533faa551784f31454758b12688e',1,1,'oauth','[]',0,'2018-09-29 02:33:01','2018-09-29 02:33:01','2019-09-29 08:03:01'),('dcfcfc9c0e0349b1451556f2ac743144ea1d92a8e9ec79064703b8ccda2942ab99d310bc47007e96',1,1,'oauth','[]',0,'2018-09-29 07:46:07','2018-09-29 07:46:07','2019-09-29 13:16:07'),('dda405a4b485192f7b5eceea0d56138245a21a1ce6ba373ff7bb194468bea3d3540b6547348949d6',1,1,'oauth','[]',1,'2018-09-19 22:03:26','2018-09-19 22:03:26','2019-09-20 03:33:26'),('de0f3c33478cd7763953726bf44056eb51150a18b8adae394f295d36ea49e0a8ee0795ca79aaf6dd',7,1,'oauth','[]',1,'2018-09-18 13:39:29','2018-09-18 13:39:29','2019-09-18 19:09:29'),('de66c5c8988145af0b476ad29a7e35c44241b6e85359c21c168c7e2b28e61b1895fda393577b4259',1,1,'oauth','[]',0,'2018-10-03 22:34:51','2018-10-03 22:34:51','2019-10-04 04:04:51'),('dfed9c922456ab5192663722d0344f865efc28b87da289bafb17a80f5b2f4759ad8aac6ad0fcf93c',75,1,'oauth','[]',0,'2018-10-03 08:21:25','2018-10-03 08:21:25','2019-10-03 13:51:25'),('e01b7c125642291b464072fd75a30907b7959a14b402fa556cbe896b9dc0fb8b37214d90fcf5a07f',1,1,'oauth','[]',0,'2018-09-26 01:06:40','2018-09-26 01:06:40','2019-09-26 06:36:40'),('e0cd31df62f4365e6032e5b9441fc05b6570598b46cc3cb50270d9f6d2f22be948c422da84460bcb',1,1,'oauth','[]',0,'2018-09-29 01:10:46','2018-09-29 01:10:46','2019-09-29 06:40:46'),('e1bbcd2915ecb9f2635a9b6255b838a96a3ef1233571fad1da1f5841dd243694605f919fafda38dc',64,1,'oauth','[]',0,'2018-09-25 00:19:14','2018-09-25 00:19:14','2019-09-25 05:49:14'),('e236125a082db03570aa71cb9a8a471e99f9939258f8c98a9bc0f395ffa801e84ada13454d6dce65',1,1,'oauth','[]',0,'2018-09-28 23:44:18','2018-09-28 23:44:18','2019-09-29 05:14:18'),('e3e0bbda98fd843b615da1e4fc46aa095ec00742ffc08eff77930757e910900df5bd8082caa44733',1,1,'oauth','[]',0,'2018-09-28 15:40:35','2018-09-28 15:40:35','2019-09-28 21:10:35'),('e4556ca9b9d907e8b7417887daf5d197de77a7191a2c1a8b6f16be16755eeb64e4dcda309c8d9aab',1,1,'oauth','[]',0,'2018-09-29 07:57:13','2018-09-29 07:57:13','2019-09-29 13:27:13'),('e4a28de356e6876b210ee2dd7fe7eaf3534bde1a3bda2e1f9af514b1577ecad4cd2e1145980357f4',7,1,'oauth','[]',0,'2018-09-16 20:32:25','2018-09-16 20:32:25','2019-09-17 02:02:25'),('e4a8c7e8ebf1e1d85bc553a0435ab79eb32e6107b1d11d969e646d2fb3c914c1d52a799c5783f290',1,1,'oauth','[]',0,'2018-09-28 23:40:56','2018-09-28 23:40:56','2019-09-29 05:10:56'),('e4e5d44f58ff806b2db1064d0c378534afc0ad40cffc8fc845f874a276e7bc0bd49eab737413cf01',1,1,'oauth','[]',0,'2018-09-29 03:53:57','2018-09-29 03:53:57','2019-09-29 09:23:57'),('e68f0dbe756ef887011ecf2a37c5a06036f612308eaee8f1423fe7817535fbd266617f918378d574',1,1,'oauth','[]',0,'2018-09-26 01:08:30','2018-09-26 01:08:30','2019-09-26 06:38:30'),('e71f37bab6bfe3882a83bf9429e5cc2414a395c4c68f2c85412ee7502f66dedcfcc6ac134a2e9f79',7,1,'oauth','[]',1,'2018-09-17 02:22:59','2018-09-17 02:22:59','2019-09-17 07:52:59'),('e771270b4e5692577ad28beb180423a32779e9f5b06fd8eaad951a50e600d17f1d24e1485fd784f2',1,1,'oauth','[]',0,'2018-10-02 22:17:07','2018-10-02 22:17:07','2019-10-03 03:47:07'),('e7a113af7a65a82b15ca20836d26d975ffd8e588b2e857a903aa04ec947954789d7d8f0aa35578b4',1,1,'oauth','[]',1,'2018-09-21 23:26:49','2018-09-21 23:26:49','2019-09-22 04:56:49'),('e832d0291a22ba72b5d895ebeb2fecf22e40eda849edca2139144fe40f7e9e108d051d6407dbb4f2',1,1,'oauth','[]',0,'2018-09-30 02:05:58','2018-09-30 02:05:58','2019-09-30 07:35:58'),('e89889422b0e11b080ff75b2993f04b52634f0f3d16721b61a354893e6f534dfea7d935409f44ccf',1,1,'oauth','[]',1,'2018-09-21 02:48:37','2018-09-21 02:48:37','2019-09-21 08:18:37'),('e902987ad92507b7565b1611f93c085b108818b330a5cd348a300028421081ba4739bf4c9d9f614f',1,1,'oauth','[]',0,'2018-09-22 13:17:48','2018-09-22 13:17:48','2019-09-22 18:47:48'),('e9158dcdc3b01085128d85275de62edb83245f68d8a087616c7d238c2458d7977d32481ddd558eed',1,1,'oauth','[]',0,'2018-09-29 09:08:33','2018-09-29 09:08:33','2019-09-29 14:38:33'),('e960a4d98e5a747085b9c19d8f3c73ce19ecda5ecdcc5af1c2a541aee512125a6d1ae7559ddb58aa',60,1,'oauth','[]',1,'2018-09-20 05:40:17','2018-09-20 05:40:17','2019-09-20 11:10:17'),('e9ee980293d15bb70f11ee7ef937e5924d36004cbcb0517d786330cb9b63bcbc8c30c8a6a6984a34',1,1,'oauth','[]',0,'2018-10-03 10:48:28','2018-10-03 10:48:28','2019-10-03 16:18:28'),('e9f2cc6a3e8105c58590833e11a03ce20fea4084158355dd1e88fec68acd33a5bc9bf6216751acc2',1,1,'oauth','[]',0,'2018-09-29 02:27:57','2018-09-29 02:27:57','2019-09-29 07:57:57'),('eaf6f44332aefae5862055954c104e7d12b8f1d28208ff0137f1bccd35c5d165c75394dcf75dbba8',1,1,'oauth','[]',0,'2018-09-29 00:58:27','2018-09-29 00:58:27','2019-09-29 06:28:27'),('ec37d575c8b5346353fc2362391ae63111a24960a7b455590b2d680b4e0de7b6aa8a308e4abacaee',1,1,'oauth','[]',0,'2018-09-29 07:27:47','2018-09-29 07:27:47','2019-09-29 12:57:47'),('ee877450d23159f885bd7fd6ba4c31a0138030ed118e0799f113a4e451b0ecd2f5a29513d63fd1dc',1,1,'oauth','[]',0,'2018-09-28 23:53:40','2018-09-28 23:53:40','2019-09-29 05:23:40'),('ef1ca97abe6d816686e1a85a5c000c5731bebd546ce2e5d77d89ab3883732e3202336359ff8d76d2',1,1,'oauth','[]',0,'2018-09-29 01:09:25','2018-09-29 01:09:25','2019-09-29 06:39:25'),('ef20c70e3576c8c7e10a95cc917ef727aa486a29533c8eebb3f2119e2b954cb7041c2aac6c62e294',1,1,'oauth','[]',0,'2018-10-03 00:28:13','2018-10-03 00:28:13','2019-10-03 05:58:13'),('ef4118869c8a02f5b669d508f69c361671e7db577f708efdf4c0e7a00389da576c92119b72dd74b8',1,1,'oauth','[]',0,'2018-09-28 15:30:05','2018-09-28 15:30:05','2019-09-28 21:00:05'),('ef54faa6124aa1274491106bf7c23e271822470bf26a01e0f87951b110877ed6ef045c96d13ff5b0',64,1,'oauth','[]',0,'2018-09-24 09:27:43','2018-09-24 09:27:43','2019-09-24 14:57:43'),('ef6edfc9fefcf39a368310b95dc9b741a312e42ddfb08911c72a9d3cd24a04fd286bf598624c628a',71,1,'oauth','[]',0,'2018-10-03 01:44:55','2018-10-03 01:44:55','2019-10-03 07:14:55'),('f089bdaf1d6a45c3ff9db602e2c4084b0e0dafedbe5830de6055f7e18655dcc702fea27bde51ea5e',88,1,'oauth','[]',0,'2018-10-03 11:33:53','2018-10-03 11:33:53','2019-10-03 17:03:53'),('f21c25f14693a405cff018447c4862884e99fb57963038600686f77f3ffe2dcf79ab96ae9738f969',7,1,'oauth','[]',1,'2018-09-20 22:36:48','2018-09-20 22:36:48','2019-09-21 04:06:48'),('f322a8d591e4ec50c7a001d8ec7456ae3d4de2ed216ac2088c4be6df7e80336d3f66dbe2f3aa12df',1,1,'oauth','[]',1,'2018-10-02 22:03:00','2018-10-02 22:03:00','2019-10-03 03:33:00'),('f449596db75eadfaca772b414bd571bcdff43c7daf592d2074923331d109f0e03dc128dd6ee1fc98',1,1,'oauth','[]',0,'2018-09-26 01:06:40','2018-09-26 01:06:40','2019-09-26 06:36:40'),('f59b1f5805f4b7b6337bfa5732ceb7e70d120fcfad82f73ebc4f31792d365cf0d6ce2bf7a508b654',1,1,'oauth','[]',0,'2018-09-28 23:56:39','2018-09-28 23:56:39','2019-09-29 05:26:39'),('f71235f09888a261805b069d4a16cd1881f143819f41517be92c547bad5b97bf00d61d04a487cbd3',1,1,'oauth','[]',0,'2018-09-29 01:10:16','2018-09-29 01:10:16','2019-09-29 06:40:16'),('f76127d97b0300ce0b713d99dc9ea7aba1a3f700c92d9684e667a570e938b0b9b76d533a9c8bcd7b',1,1,'oauth','[]',0,'2018-09-29 23:17:31','2018-09-29 23:17:31','2019-09-30 04:47:31'),('f7631788574baafcdf203bc68157ff9bce7b03cbe4ca329abab772fccd147ffd3f645e8c134402ee',88,1,'oauth','[]',0,'2018-10-10 14:00:36','2018-10-10 14:00:36','2019-10-10 19:30:36'),('f76b0ed8c262c20cfbaea286a8aa392f46817ded9c7d6ed9f8c094890e85443b243a3a1b1a138913',1,1,'oauth','[]',0,'2018-09-29 23:11:25','2018-09-29 23:11:25','2019-09-30 04:41:25'),('fa78cbd3c140d1c68042373056d164e9bc263c80576fe4004fa3b488c7b9cf7d1fb73aec988bc618',1,1,'oauth','[]',0,'2018-09-25 11:10:25','2018-09-25 11:10:25','2019-09-25 16:40:25'),('fb430e2946de14fa7c4fb595d7bbecebd5cddf5a9b213d31660cb378f62abcbc8840babfd1d192c1',1,1,'oauth','[]',1,'2018-10-02 22:30:17','2018-10-02 22:30:17','2019-10-03 04:00:17'),('fb8bc5701d61f5d8155c7241d7f3482cc5a8b5015e67eca69f7a36536d211a2b7735268f8fb271b0',1,1,'oauth','[]',0,'2018-09-29 09:30:46','2018-09-29 09:30:46','2019-09-29 15:00:46'),('fcc1e138c8924b6a3b4d986b6fb338328e5a8d1e23ca5dd85c2e7c1e8a0529513851f6a02cd1ce39',1,1,'oauth','[]',0,'2018-09-29 04:40:57','2018-09-29 04:40:57','2019-09-29 10:10:57'),('fd992e9631004d7632e82a696857504b21d9aa1958bf7767bf9826e1a1e8cd7163d1f71275cf0bba',1,1,'oauth','[]',0,'2018-09-29 07:58:32','2018-09-29 07:58:32','2019-09-29 13:28:32'),('ff653f01a131fb326175383ae438918d2bab6cbdb2669c911071d037fec2dbe38096b72f6bbc7848',1,1,'oauth','[]',1,'2018-09-21 11:13:41','2018-09-21 11:13:41','2019-09-21 16:43:41');
/*!40000 ALTER TABLE `oauth_access_tokens` ENABLE KEYS */;
UNLOCK TABLES;

--
-- Table structure for table `oauth_auth_codes`
--

DROP TABLE IF EXISTS `oauth_auth_codes`;
/*!40101 SET @saved_cs_client     = @@character_set_client */;
/*!40101 SET character_set_client = utf8 */;
CREATE TABLE `oauth_auth_codes` (
  `id` varchar(100) COLLATE utf8mb4_unicode_ci NOT NULL,
  `user_id` int(11) NOT NULL,
  `client_id` int(11) NOT NULL,
  `scopes` text COLLATE utf8mb4_unicode_ci,
  `revoked` tinyint(1) NOT NULL,
  `expires_at` datetime DEFAULT NULL,
  PRIMARY KEY (`id`)
) ENGINE=InnoDB DEFAULT CHARSET=utf8mb4 COLLATE=utf8mb4_unicode_ci;
/*!40101 SET character_set_client = @saved_cs_client */;

--
-- Dumping data for table `oauth_auth_codes`
--

LOCK TABLES `oauth_auth_codes` WRITE;
/*!40000 ALTER TABLE `oauth_auth_codes` DISABLE KEYS */;
/*!40000 ALTER TABLE `oauth_auth_codes` ENABLE KEYS */;
UNLOCK TABLES;

--
-- Table structure for table `oauth_clients`
--

DROP TABLE IF EXISTS `oauth_clients`;
/*!40101 SET @saved_cs_client     = @@character_set_client */;
/*!40101 SET character_set_client = utf8 */;
CREATE TABLE `oauth_clients` (
  `id` int(10) unsigned NOT NULL AUTO_INCREMENT,
  `user_id` int(11) DEFAULT NULL,
  `name` varchar(191) COLLATE utf8mb4_unicode_ci NOT NULL,
  `secret` varchar(100) COLLATE utf8mb4_unicode_ci NOT NULL,
  `redirect` text COLLATE utf8mb4_unicode_ci NOT NULL,
  `personal_access_client` tinyint(1) NOT NULL,
  `password_client` tinyint(1) NOT NULL,
  `revoked` tinyint(1) NOT NULL,
  `created_at` timestamp NULL DEFAULT NULL,
  `updated_at` timestamp NULL DEFAULT NULL,
  PRIMARY KEY (`id`),
  KEY `oauth_clients_user_id_index` (`user_id`)
) ENGINE=InnoDB AUTO_INCREMENT=3 DEFAULT CHARSET=utf8mb4 COLLATE=utf8mb4_unicode_ci;
/*!40101 SET character_set_client = @saved_cs_client */;

--
-- Dumping data for table `oauth_clients`
--

LOCK TABLES `oauth_clients` WRITE;
/*!40000 ALTER TABLE `oauth_clients` DISABLE KEYS */;
INSERT INTO `oauth_clients` VALUES (1,NULL,'Laravel Personal Access Client','mEtSQvC5dTabnALkPe1gRA9DnAzDIJr7oXBuQHpl','http://localhost',1,0,0,'2018-09-13 05:57:53','2018-09-13 05:57:53'),(2,NULL,'Laravel Password Grant Client','NqsifXXzpbUMyfVQgwOCE65jvuAKQtzT6oTuus0j','http://localhost',0,1,0,'2018-09-13 05:57:53','2018-09-13 05:57:53');
/*!40000 ALTER TABLE `oauth_clients` ENABLE KEYS */;
UNLOCK TABLES;

--
-- Table structure for table `oauth_personal_access_clients`
--

DROP TABLE IF EXISTS `oauth_personal_access_clients`;
/*!40101 SET @saved_cs_client     = @@character_set_client */;
/*!40101 SET character_set_client = utf8 */;
CREATE TABLE `oauth_personal_access_clients` (
  `id` int(10) unsigned NOT NULL AUTO_INCREMENT,
  `client_id` int(11) NOT NULL,
  `created_at` timestamp NULL DEFAULT NULL,
  `updated_at` timestamp NULL DEFAULT NULL,
  PRIMARY KEY (`id`),
  KEY `oauth_personal_access_clients_client_id_index` (`client_id`)
) ENGINE=InnoDB AUTO_INCREMENT=2 DEFAULT CHARSET=utf8mb4 COLLATE=utf8mb4_unicode_ci;
/*!40101 SET character_set_client = @saved_cs_client */;

--
-- Dumping data for table `oauth_personal_access_clients`
--

LOCK TABLES `oauth_personal_access_clients` WRITE;
/*!40000 ALTER TABLE `oauth_personal_access_clients` DISABLE KEYS */;
INSERT INTO `oauth_personal_access_clients` VALUES (1,1,'2018-09-13 05:57:53','2018-09-13 05:57:53');
/*!40000 ALTER TABLE `oauth_personal_access_clients` ENABLE KEYS */;
UNLOCK TABLES;

--
-- Table structure for table `oauth_refresh_tokens`
--

DROP TABLE IF EXISTS `oauth_refresh_tokens`;
/*!40101 SET @saved_cs_client     = @@character_set_client */;
/*!40101 SET character_set_client = utf8 */;
CREATE TABLE `oauth_refresh_tokens` (
  `id` varchar(100) COLLATE utf8mb4_unicode_ci NOT NULL,
  `access_token_id` varchar(100) COLLATE utf8mb4_unicode_ci NOT NULL,
  `revoked` tinyint(1) NOT NULL,
  `expires_at` datetime DEFAULT NULL,
  PRIMARY KEY (`id`),
  KEY `oauth_refresh_tokens_access_token_id_index` (`access_token_id`)
) ENGINE=InnoDB DEFAULT CHARSET=utf8mb4 COLLATE=utf8mb4_unicode_ci;
/*!40101 SET character_set_client = @saved_cs_client */;

--
-- Dumping data for table `oauth_refresh_tokens`
--

LOCK TABLES `oauth_refresh_tokens` WRITE;
/*!40000 ALTER TABLE `oauth_refresh_tokens` DISABLE KEYS */;
/*!40000 ALTER TABLE `oauth_refresh_tokens` ENABLE KEYS */;
UNLOCK TABLES;

--
-- Table structure for table `password_resets`
--

DROP TABLE IF EXISTS `password_resets`;
/*!40101 SET @saved_cs_client     = @@character_set_client */;
/*!40101 SET character_set_client = utf8 */;
CREATE TABLE `password_resets` (
  `email` varchar(191) COLLATE utf8mb4_unicode_ci NOT NULL,
  `token` varchar(191) COLLATE utf8mb4_unicode_ci NOT NULL,
  `created_at` timestamp NULL DEFAULT NULL,
  `updated_at` timestamp NULL DEFAULT NULL,
  KEY `password_resets_email_index` (`email`)
) ENGINE=InnoDB DEFAULT CHARSET=utf8mb4 COLLATE=utf8mb4_unicode_ci;
/*!40101 SET character_set_client = @saved_cs_client */;

--
-- Dumping data for table `password_resets`
--

LOCK TABLES `password_resets` WRITE;
/*!40000 ALTER TABLE `password_resets` DISABLE KEYS */;
/*!40000 ALTER TABLE `password_resets` ENABLE KEYS */;
UNLOCK TABLES;

--
-- Table structure for table `periods`
--

DROP TABLE IF EXISTS `periods`;
/*!40101 SET @saved_cs_client     = @@character_set_client */;
/*!40101 SET character_set_client = utf8 */;
CREATE TABLE `periods` (
  `id` int(10) unsigned NOT NULL AUTO_INCREMENT,
  `start_date` date DEFAULT NULL,
  `end_date` date DEFAULT NULL,
  `status` tinyint(1) NOT NULL DEFAULT '0',
  `created_at` timestamp NULL DEFAULT NULL,
  `updated_at` timestamp NULL DEFAULT NULL,
  PRIMARY KEY (`id`)
) ENGINE=InnoDB AUTO_INCREMENT=32 DEFAULT CHARSET=utf8mb4 COLLATE=utf8mb4_unicode_ci;
/*!40101 SET character_set_client = @saved_cs_client */;

--
-- Dumping data for table `periods`
--

LOCK TABLES `periods` WRITE;
/*!40000 ALTER TABLE `periods` DISABLE KEYS */;
INSERT INTO `periods` VALUES (5,'2018-02-12','2018-02-19',0,'2018-09-13 09:24:00','2018-09-13 09:53:45'),(6,'2018-03-12','2018-03-19',0,'2018-09-13 09:24:35','2018-09-13 09:57:04'),(7,'2018-04-12','2018-04-19',0,'2018-09-13 09:25:07','2018-09-13 10:00:44'),(8,'2018-05-12','2018-05-19',0,'2018-09-13 09:25:29','2018-09-13 10:03:09'),(10,'2018-07-12','2018-07-19',0,'2018-09-13 09:26:16','2018-09-13 10:07:47'),(11,'2018-08-12','2018-08-19',0,'2018-09-13 09:26:31','2018-09-13 10:08:44'),(12,'2018-09-12','2018-09-24',0,'2018-09-13 09:46:54','2018-10-11 01:28:19'),(14,'2018-10-06','2018-10-19',1,'2018-09-13 09:47:42','2018-10-11 01:28:34'),(15,'2018-11-05','2018-11-19',0,'2018-09-13 09:48:02','2018-10-11 01:26:22'),(16,'2018-12-12','2018-12-19',0,'2018-09-13 09:48:23','2018-09-13 10:58:52'),(18,'2019-01-12','2019-01-19',0,'2018-09-13 10:50:46','2018-09-13 11:00:45'),(19,'2019-02-12','2019-02-19',0,'2018-09-13 10:51:24','2018-09-13 11:08:29'),(20,'2019-03-12','2019-03-19',0,'2018-09-13 10:51:54','2018-09-13 11:11:43'),(21,'2019-04-12','2019-04-19',0,'2018-09-13 10:52:18','2018-09-13 11:13:01'),(22,'2019-05-12','2019-05-19',0,'2018-09-13 10:52:47','2018-09-13 11:14:49'),(23,'2019-06-12','2019-06-19',0,'2018-09-13 10:53:12','2018-09-13 11:16:20'),(24,'2019-07-12','2019-07-19',0,'2018-09-13 10:53:43','2018-09-13 11:17:10'),(25,'2019-08-12','2019-08-19',0,'2018-09-13 10:54:09','2018-09-13 11:18:11'),(26,'2019-09-12','2019-09-19',0,'2018-09-13 10:54:34','2018-09-13 11:19:05'),(27,'2019-10-12','2019-10-19',0,'2018-09-13 10:55:02','2018-09-13 11:20:11'),(28,'2019-11-12','2019-11-19',0,'2018-09-13 10:55:28','2018-09-13 11:22:00'),(29,'2019-12-12','2019-12-19',0,'2018-09-13 10:56:08','2018-09-13 11:21:50'),(30,'2020-01-12','2020-01-19',0,NULL,NULL),(31,'2020-02-12','2020-02-19',0,NULL,'2018-09-15 02:02:00');
/*!40000 ALTER TABLE `periods` ENABLE KEYS */;
UNLOCK TABLES;

--
-- Table structure for table `posts`
--

DROP TABLE IF EXISTS `posts`;
/*!40101 SET @saved_cs_client     = @@character_set_client */;
/*!40101 SET character_set_client = utf8 */;
CREATE TABLE `posts` (
  `id` int(10) unsigned NOT NULL AUTO_INCREMENT,
  `title` varchar(191) COLLATE utf8mb4_unicode_ci DEFAULT NULL,
  `date` date DEFAULT NULL,
  `description` varchar(191) COLLATE utf8mb4_unicode_ci DEFAULT NULL,
  `user_id` int(10) unsigned DEFAULT NULL,
  `created_at` timestamp NULL DEFAULT NULL,
  `updated_at` timestamp NULL DEFAULT NULL,
  PRIMARY KEY (`id`),
  UNIQUE KEY `posts_id_unique` (`id`),
  KEY `posts_user_id_foreign` (`user_id`),
  CONSTRAINT `posts_user_id_foreign` FOREIGN KEY (`user_id`) REFERENCES `users` (`id`) ON DELETE CASCADE
) ENGINE=InnoDB AUTO_INCREMENT=2 DEFAULT CHARSET=utf8mb4 COLLATE=utf8mb4_unicode_ci;
/*!40101 SET character_set_client = @saved_cs_client */;

--
-- Dumping data for table `posts`
--

LOCK TABLES `posts` WRITE;
/*!40000 ALTER TABLE `posts` DISABLE KEYS */;
INSERT INTO `posts` VALUES (1,'About Mahapola','2018-09-11','<p>This is for inform to about your mahapoala&nbsp;and bursary installment</p>',1,'2018-09-20 05:48:57','2018-09-20 05:48:57');
/*!40000 ALTER TABLE `posts` ENABLE KEYS */;
UNLOCK TABLES;

--
-- Table structure for table `role_user`
--

DROP TABLE IF EXISTS `role_user`;
/*!40101 SET @saved_cs_client     = @@character_set_client */;
/*!40101 SET character_set_client = utf8 */;
CREATE TABLE `role_user` (
  `id` int(10) unsigned NOT NULL AUTO_INCREMENT,
  `role_id` int(10) unsigned DEFAULT NULL,
  `user_id` int(10) unsigned DEFAULT NULL,
  `created_at` timestamp NULL DEFAULT NULL,
  `updated_at` timestamp NULL DEFAULT NULL,
  PRIMARY KEY (`id`),
  UNIQUE KEY `role_user_id_unique` (`id`),
  KEY `role_user_role_id_foreign` (`role_id`),
  KEY `role_user_user_id_foreign` (`user_id`),
  CONSTRAINT `role_user_role_id_foreign` FOREIGN KEY (`role_id`) REFERENCES `roles` (`id`),
  CONSTRAINT `role_user_user_id_foreign` FOREIGN KEY (`user_id`) REFERENCES `users` (`id`)
) ENGINE=InnoDB AUTO_INCREMENT=2 DEFAULT CHARSET=utf8mb4 COLLATE=utf8mb4_unicode_ci;
/*!40101 SET character_set_client = @saved_cs_client */;

--
-- Dumping data for table `role_user`
--

LOCK TABLES `role_user` WRITE;
/*!40000 ALTER TABLE `role_user` DISABLE KEYS */;
INSERT INTO `role_user` VALUES (1,1,1,NULL,NULL);
/*!40000 ALTER TABLE `role_user` ENABLE KEYS */;
UNLOCK TABLES;

--
-- Table structure for table `roles`
--

DROP TABLE IF EXISTS `roles`;
/*!40101 SET @saved_cs_client     = @@character_set_client */;
/*!40101 SET character_set_client = utf8 */;
CREATE TABLE `roles` (
  `id` int(10) unsigned NOT NULL AUTO_INCREMENT,
  `name` varchar(191) COLLATE utf8mb4_unicode_ci NOT NULL,
  `description` varchar(191) COLLATE utf8mb4_unicode_ci DEFAULT NULL,
  `created_at` timestamp NULL DEFAULT NULL,
  `updated_at` timestamp NULL DEFAULT NULL,
  PRIMARY KEY (`id`)
) ENGINE=InnoDB AUTO_INCREMENT=2 DEFAULT CHARSET=utf8mb4 COLLATE=utf8mb4_unicode_ci;
/*!40101 SET character_set_client = @saved_cs_client */;

--
-- Dumping data for table `roles`
--

LOCK TABLES `roles` WRITE;
/*!40000 ALTER TABLE `roles` DISABLE KEYS */;
INSERT INTO `roles` VALUES (1,'ROLE_SUPERADMIN',NULL,NULL,NULL);
/*!40000 ALTER TABLE `roles` ENABLE KEYS */;
UNLOCK TABLES;

--
-- Table structure for table `scholerships`
--

DROP TABLE IF EXISTS `scholerships`;
/*!40101 SET @saved_cs_client     = @@character_set_client */;
/*!40101 SET character_set_client = utf8 */;
CREATE TABLE `scholerships` (
  `id` int(10) unsigned NOT NULL AUTO_INCREMENT,
  `scholership_name` varchar(191) COLLATE utf8mb4_unicode_ci DEFAULT NULL,
  `amount` double(8,2) DEFAULT NULL,
  `created_at` timestamp NULL DEFAULT NULL,
  `updated_at` timestamp NULL DEFAULT NULL,
  PRIMARY KEY (`id`),
  UNIQUE KEY `scholerships_id_unique` (`id`)
) ENGINE=InnoDB AUTO_INCREMENT=3 DEFAULT CHARSET=utf8mb4 COLLATE=utf8mb4_unicode_ci;
/*!40101 SET character_set_client = @saved_cs_client */;

--
-- Dumping data for table `scholerships`
--

LOCK TABLES `scholerships` WRITE;
/*!40000 ALTER TABLE `scholerships` DISABLE KEYS */;
INSERT INTO `scholerships` VALUES (1,'Mahapola',5000.00,'2018-09-13 06:17:01','2018-09-16 07:15:40'),(2,'Bursary',4500.00,'2018-09-13 06:34:02','2018-09-13 06:34:02');
/*!40000 ALTER TABLE `scholerships` ENABLE KEYS */;
UNLOCK TABLES;

--
-- Table structure for table `users`
--

DROP TABLE IF EXISTS `users`;
/*!40101 SET @saved_cs_client     = @@character_set_client */;
/*!40101 SET character_set_client = utf8 */;
CREATE TABLE `users` (
  `id` int(10) unsigned NOT NULL AUTO_INCREMENT,
  `first_name` varchar(191) COLLATE utf8mb4_unicode_ci NOT NULL DEFAULT 'First Name',
  `last_name` varchar(191) COLLATE utf8mb4_unicode_ci NOT NULL DEFAULT 'Last Name',
  `student_no` varchar(191) COLLATE utf8mb4_unicode_ci NOT NULL,
  `email` varchar(191) COLLATE utf8mb4_unicode_ci NOT NULL,
  `password` varchar(191) COLLATE utf8mb4_unicode_ci DEFAULT NULL,
  `is_activated` tinyint(1) NOT NULL DEFAULT '0',
  `faculty_id` int(10) unsigned DEFAULT NULL,
  `scholership_id` int(10) unsigned DEFAULT NULL,
  `entrance_year` int(10) unsigned NOT NULL DEFAULT '2018',
  `profile_summary` varchar(191) COLLATE utf8mb4_unicode_ci NOT NULL DEFAULT 'Add your profile summary here.',
  `nic` varchar(191) COLLATE utf8mb4_unicode_ci DEFAULT NULL,
  `scholership_status` tinyint(1) DEFAULT NULL,
  `apply_again_status` tinyint(1) DEFAULT '1',
  `remember_token` varchar(100) COLLATE utf8mb4_unicode_ci DEFAULT NULL,
  `created_at` timestamp NULL DEFAULT NULL,
  `updated_at` timestamp NULL DEFAULT NULL,
  `userscol` varchar(45) COLLATE utf8mb4_unicode_ci DEFAULT '1',
  PRIMARY KEY (`id`),
  UNIQUE KEY `users_id_unique` (`id`),
  UNIQUE KEY `users_student_no_unique` (`student_no`),
  UNIQUE KEY `users_email_unique` (`email`),
  KEY `users_faculty_id_foreign` (`faculty_id`),
  KEY `users_scholership_id_foreign` (`scholership_id`),
  CONSTRAINT `users_faculty_id_foreign` FOREIGN KEY (`faculty_id`) REFERENCES `faculties` (`id`),
  CONSTRAINT `users_scholership_id_foreign` FOREIGN KEY (`scholership_id`) REFERENCES `scholerships` (`id`)
) ENGINE=InnoDB AUTO_INCREMENT=89 DEFAULT CHARSET=utf8mb4 COLLATE=utf8mb4_unicode_ci;
/*!40101 SET character_set_client = @saved_cs_client */;

--
-- Dumping data for table `users`
--

LOCK TABLES `users` WRITE;
/*!40000 ALTER TABLE `users` DISABLE KEYS */;
INSERT INTO `users` VALUES (1,'First Name','Last Name','se/2013/005','setechuok@gmail.com','$2y$10$neA78zD1Qw6sOdNjjep.sevr/K/VHJL6M5d.Hv25G3E2RqKvsMGTu',1,1,1,2018,'Add your profile summary here.',NULL,1,1,NULL,'2018-09-13 06:00:30','2018-09-20 09:38:43','1'),(5,'1','2','se/2013/055','semeeshahan@gmail.com55','$2y$10$0jPmvuT/kTnIQ4Pwaco4iOZ7kQKBJsIYpMTksRGDaIvgqaUWP24ia',0,1,1,2018,'Add your profile summary here.',NULL,0,1,NULL,'2018-09-13 06:21:55','2018-09-18 09:30:01','1'),(6,'First Name','','se/2013/056','semeeshahan@gmail.com56','$2y$10$oD/JdnNN5zMNcg8W1Teh/.R.RTi2sLxc7Z5OhDhC07WG771Fhr.8m',1,1,1,2018,'Add your profile summary here.',NULL,0,1,NULL,'2018-09-13 06:21:55','2018-09-20 09:22:07','1'),(7,'me','yi','se/2018/2100','semeeshahan@gmail.com2018/2100','$2y$10$3h32/Woo48iSnZ6ynvmNMOA7If9C0AOqhmHfagfC4PaVcc/RuxWgK',1,1,1,2017,'<p>I&#39;m a student of University of Kelaniyaa</p>',NULL,1,1,NULL,'2018-09-13 06:36:39','2018-09-21 07:10:05','1'),(8,'First Name','lname2101','se/2018/2101','semeeshahan@gmail.com2018/2101','$2y$10$HOi3GTPL2w2ao8ZiIb22B.QnwTeg4pl7AVN5lOuJehE81UGuvYrVi',1,1,1,2018,'Add your profile summary here.',NULL,0,1,NULL,'2018-09-13 06:36:39','2018-09-16 06:00:05','1'),(9,'First Name','lname2102','se/2018/2102','semeeshahan@gmail.com2018/2102','$2y$10$HT2xkqAzzgwS5mqXd6p6y.YZx7o8xeWJyZIlhpoHlmJJ3fWufP0WS',0,2,1,2018,'Add your profile summary here.',NULL,0,1,NULL,'2018-09-13 06:36:39','2018-09-13 06:36:39','1'),(10,'Meesha','Hansi','se/2018/2103','semeeshahan@gmail.com2018/2103','$2y$10$va6BtB6I2ruBGI.kPYjFvukHtB8Tagi.UEoJ2gbP3wAvBCYYs.dV2',1,4,1,2018,'<p>I&#39;m from Kelaniya</p>',NULL,0,1,NULL,'2018-09-13 06:36:39','2018-09-14 23:10:33','1'),(11,'First Name','lname2104','se/2018/2104','semeeshahan@gmail.com2018/2104','$2y$10$H6TAvEt5hqddYTr8/KlpDObYArXklXgV3D27Ztz/BlptwxBPOounK',1,3,1,2018,'Add your profile summary here.',NULL,0,1,NULL,'2018-09-13 06:36:39','2018-09-15 13:15:18','1'),(12,'First Name','lname2105','se/2018/2105','semeeshahan@gmail.com2018/2105','$2y$10$WjnX3zJ/bJkDq0S6/4t7TOVTWndjJVrLF3eJY926KAe/e7YOWlD6K',0,3,1,2018,'Add your profile summary here.',NULL,0,1,NULL,'2018-09-13 06:36:39','2018-09-13 06:36:39','1'),(13,'First Name','lname2106','se/2018/2106','semeeshahan@gmail.com2018/2106','$2y$10$w/wTwD5rRHahmsK5e6H/r.yovWbTy8MEzvLgm9/VbjZpCgcUb4sSK',0,4,1,2018,'Add your profile summary here.',NULL,0,1,NULL,'2018-09-13 06:36:39','2018-09-13 06:36:39','1'),(14,'First Name','lname2107','se/2018/2107','semeeshahan@gmail.com2018/2107','$2y$10$7dsxvUWnNFzLAltp04BYe.JLZRMVbAhP/CIYp6rGFK.oKbuVMT.gG',1,4,1,2018,'Add your profile summary here.',NULL,1,1,NULL,'2018-09-13 06:36:40','2018-09-21 03:36:12','1'),(15,'First Name','lname2108','se/2018/2108','semeeshahan@gmail.com2018/2108','$2y$10$mzJuPJSZVNi0ojWlXhH7/e65EJfBRT1XfAsXp2kkU6QWLEkgd59Eu',1,5,1,2018,'Add your profile summary here.',NULL,1,1,NULL,'2018-09-13 06:36:40','2018-09-20 09:34:16','1'),(16,'First Name','lname2109','se/2018/2109','semeeshahan@gmail.com2018/2109','$2y$10$6waYKN/etWEwNmwOlwb5uOjZvZ4YGQv0h2MN4RVMrxTg899Zx/QHq',1,5,1,2017,'Add your profile summary here.',NULL,0,1,NULL,'2018-09-13 06:36:40','2018-09-15 13:23:03','1'),(17,'First Name','lname2110','se/2018/2110','semeeshahan@gmail.com2018/2110','$2y$10$yxhuc0uV9keueq2hS5pcJuGAXH9n6Ux4MJYoiUhhHR9xKVR/Kg3r.',0,1,1,2017,'Add your profile summary here.',NULL,0,1,NULL,'2018-09-13 06:36:40','2018-09-13 06:36:40','1'),(18,'First Name','lname2111','se/2018/2111','semeeshahan@gmail.com2018/2111','$2y$10$AdrsvExrXTMhrj3aDwQU3uBr9TF1RcEdkN44u3x8Ypwqr2RdDYHqS',0,1,2,2017,'Add your profile summary here.',NULL,0,1,NULL,'2018-09-13 06:36:40','2018-09-13 06:36:40','1'),(19,'First Name','lname2112','se/2018/2112','semeeshahan@gmail.com2018/2112','$2y$10$8.Cg8BomKIyJJkGVtYWwXemMyHVqY2lboaBMfrS0IKDW.box2pZSC',0,2,1,2017,'Add your profile summary here.',NULL,0,1,NULL,'2018-09-13 06:36:40','2018-09-13 06:36:40','1'),(20,'First Name','lname2113','se/2018/2113','semeeshahan@gmail.com2018/2113','$2y$10$hahctMHT8LoHi7an6hqmBuqwrzPXes/u3TJJlrRgBP62fw88WMHzG',0,2,2,2017,'Add your profile summary here.',NULL,0,1,NULL,'2018-09-13 06:36:40','2018-09-13 06:36:40','1'),(21,'First Name','lname2114','se/2018/2114','semeeshahan@gmail.com2018/2114','$2y$10$d57vpIG5Bwd5KB5eFMLa/eT1MiIBW9eC7v.bWvkyqvnt6P25dqpue',0,3,1,2017,'Add your profile summary here.',NULL,0,1,NULL,'2018-09-13 06:36:41','2018-09-13 06:36:41','1'),(22,'First Name','lname2115','se/2018/2115','semeeshahan@gmail.com2018/2115','$2y$10$vmcHvBMZyL6h3e0zphYypuEh/SA08ciD75jPz5xJcPAvs9mQdSqDK',0,3,2,2017,'Add your profile summary here.',NULL,0,1,NULL,'2018-09-13 06:36:41','2018-09-13 06:36:41','1'),(23,'First Name','lname2116','se/2018/2116','semeeshahan@gmail.com2018/2116','$2y$10$s7JRQEU9Y3EsB.Nc0MgEQeRhlPvqw2dMdobU1gRntLfC4VWeWnn8S',0,4,1,2017,'Add your profile summary here.',NULL,0,1,NULL,'2018-09-13 06:36:41','2018-09-13 06:36:41','1'),(24,'First Name','lname2117','se/2018/2117','semeeshahan@gmail.com2018/2117','$2y$10$ceShclrQ/hr16/pzWYDCC.W8autDl04te3NO4z.V5K96/bpsBIKpG',0,4,2,2017,'Add your profile summary here.',NULL,0,1,NULL,'2018-09-13 06:36:41','2018-09-13 06:36:41','1'),(25,'First Name','lname2118','se/2018/2118','semeeshahan@gmail.com2018/2118','$2y$10$ZZ0SwVW.VSqlyqHl/0kR6.FVOWobnuTAN91ywzqJmmxtfg8Px27HS',0,5,1,2017,'Add your profile summary here.',NULL,0,1,NULL,'2018-09-13 06:36:41','2018-09-13 06:36:41','1'),(26,'First Name','lname2119','se/2018/2119','semeeshahan@gmail.com2018/2119','$2y$10$2KLKRVyTDrDKb2Q0NJCSo.jHqFD5q6C0qUHkwrdBD6cbPVyc6dcYm',0,5,2,2016,'Add your profile summary here.',NULL,0,1,NULL,'2018-09-13 06:36:41','2018-09-13 06:36:41','1'),(27,'First Name','lname2120','se/2018/2120','semeeshahan@gmail.com2018/2120','$2y$10$a3aDV8rILuPvhoWZMrjkVuoMR5IbjirRrqijrIepl4ipmet4WZMza',0,1,1,2016,'Add your profile summary here.',NULL,0,1,NULL,'2018-09-13 06:36:41','2018-09-13 06:36:41','1'),(28,'First Name','lname2121','se/2018/2121','semeeshahan@gmail.com2018/2121','$2y$10$WbpHqnaukG84ZjSRUze63OECkHtMM9bC8AjTPxyjNhfG8A1iPgyOG',0,1,2,2016,'Add your profile summary here.',NULL,0,1,NULL,'2018-09-13 06:36:41','2018-09-13 06:36:41','1'),(29,'First Name','lname2122','se/2018/2122','semeeshahan@gmail.com2018/2122','$2y$10$y3MFPEv3ZCAsXCkylxVXPuQ0rgOJZLPlGwoQlGwDe6KQXDfFTyMRi',0,2,1,2016,'Add your profile summary here.',NULL,0,1,NULL,'2018-09-13 06:36:42','2018-09-13 06:36:42','1'),(30,'First Name','lname2123','se/2018/2123','semeeshahan@gmail.com2018/2123','$2y$10$hm1exHG7BWbqZ1Q85z9IyOrFyiJ5uv7oT7F7Mgdx.tBEuxjPiIU5O',0,2,2,2016,'Add your profile summary here.',NULL,0,1,NULL,'2018-09-13 06:36:42','2018-09-13 06:36:42','1'),(31,'First Name','lname2124','se/2018/2124','semeeshahan@gmail.com2018/2124','$2y$10$JnCVjKuUwHT6mF3g5wET1eBsBFXrkuSg8FtGhiwLvs/yRm/qW40p6',0,3,1,2016,'Add your profile summary here.',NULL,0,1,NULL,'2018-09-13 06:36:42','2018-09-13 06:36:42','1'),(32,'First Name','lname2125','se/2018/2125','semeeshahan@gmail.com2018/2125','$2y$10$.cW/WanMJtyYNw9zazVKkewNGezFjp1ch.vHt1qPPKY9WDWh8LEhG',0,3,2,2016,'Add your profile summary here.',NULL,0,1,NULL,'2018-09-13 06:36:42','2018-09-13 06:36:42','1'),(33,'First Name','lname2126','se/2018/2126','semeeshahan@gmail.com2018/2126','$2y$10$PoXIPq2vdhyNTsu3NOmM8ufGH7IFtXqIQQBKoNvPYf0Jd8fe7loBy',0,4,1,2016,'Add your profile summary here.',NULL,0,1,NULL,'2018-09-13 06:36:42','2018-09-13 06:36:42','1'),(34,'First Name','lname2127','se/2018/2127','semeeshahan@gmail.com2018/2127','$2y$10$lVNWwccv3yREj4IjzK7zh.z.QlN71ZGKfYvDF5BhHx243.HAguZ/S',0,4,2,2016,'Add your profile summary here.',NULL,0,1,NULL,'2018-09-13 06:36:42','2018-09-13 06:36:42','1'),(35,'First Name','lname2128','se/2018/2128','semeeshahan@gmail.com2018/2128','$2y$10$67YTCBup0upt52i7aDTjseb5N3eOIL1pys3wwN9Lu2bbbjXHk8qmS',0,5,1,2016,'Add your profile summary here.',NULL,0,1,NULL,'2018-09-13 06:36:42','2018-09-13 06:36:42','1'),(36,'First Name','lname2129','se/2018/2129','semeeshahan@gmail.com2018/2129','$2y$10$zaf30QLZbLOik2WDzoJdVuDQmJToWWEQ2efRiE4a.2n/PnsZhKuVK',0,5,2,2015,'Add your profile summary here.',NULL,0,1,NULL,'2018-09-13 06:36:43','2018-09-13 06:36:43','1'),(37,'First Name','lname2130','se/2018/2130','semeeshahan@gmail.com2018/2130','$2y$10$P0QolX8iJp8wjk.U3DdLF.liuYdUOCLF9OPX39fVeMxylqeSjaJX6',0,1,1,2015,'Add your profile summary here.',NULL,0,1,NULL,'2018-09-13 06:36:43','2018-09-13 06:36:43','1'),(38,'First Name','lname2131','se/2018/2131','semeeshahan@gmail.com2018/2131','$2y$10$XrGrJ8AYzZaBn8OvYt29oe5VufwbO9ZZGzp5JZdbEfR3WW4NCA.HG',0,1,2,2015,'Add your profile summary here.',NULL,0,1,NULL,'2018-09-13 06:36:43','2018-09-13 06:36:43','1'),(39,'First Name','lname2132','se/2018/2132','semeeshahan@gmail.com2018/2132','$2y$10$eM1lk4dPHAYS0WoUvXMbAeqRODLmATztzZmVxpDLFSVVAeA.U5DWi',0,1,1,2015,'Add your profile summary here.',NULL,0,1,NULL,'2018-09-13 06:36:43','2018-09-13 06:36:43','1'),(40,'First Name','lname2133','se/2018/2133','semeeshahan@gmail.com2018/2133','$2y$10$xK9TqdSJegoo/jOchA7nAuOiWXLY2Ir.6mLIelDY6.ZOIvT9jDFyW',0,1,1,2015,'Add your profile summary here.',NULL,0,1,NULL,'2018-09-13 06:36:43','2018-09-15 13:02:47','1'),(41,'First Name','lname2134','se/2018/2134','semeeshahan@gmail.com2018/2134','$2y$10$CIx5ENERVtHPC9uEIOO2Fu0H3vX4NMGj3/Hyxk/RZSoSoDSQDY8tW',0,2,1,2015,'Add your profile summary here.',NULL,0,1,NULL,'2018-09-13 06:36:43','2018-09-13 06:36:43','1'),(42,'First Name','lname2135','se/2018/2135','semeeshahan@gmail.com2018/2135','$2y$10$nasYRiXMOeVFk4GgIXEtIulZPkGlFn/1vVq40CHPHDn00goeaH9Cu',0,1,1,2015,'Add your profile summary here.',NULL,0,1,NULL,'2018-09-13 06:36:43','2018-09-15 13:03:21','1'),(43,'First Name','lname2136','se/2018/2136','semeeshahan@gmail.com2018/2136','$2y$10$t7UQghk0G5o6HI5qHT1gCefqhTfcOOwP6vZc9HFwpnih2m6T/T3Tu',0,3,1,2015,'Add your profile summary here.',NULL,0,1,NULL,'2018-09-13 06:36:44','2018-09-13 06:36:44','1'),(44,'First Name','lname2137','se/2018/2137','semeeshahan@gmail.com2018/2137','$2y$10$2MDEsO1kQkO1a0ESgWLUQOaHdAFM93j0DFiucdu12OW.Vymgmji5m',0,4,2,2015,'Add your profile summary here.',NULL,0,1,NULL,'2018-09-13 06:36:44','2018-09-13 06:36:44','1'),(45,'First Name','lname2138','se/2018/2138','semeeshahan@gmail.com2018/2138','$2y$10$2Pt2MyDIJ8Ngha0YscF5weCVo90fBVM76/WGd2ht9BEpGov0NO9vC',0,4,1,2015,'Add your profile summary here.',NULL,0,1,NULL,'2018-09-13 06:36:44','2018-09-13 06:36:44','1'),(46,'First Name','lname2139','se/2018/2139','semeeshahan@gmail.com2018/2139','$2y$10$3WVQ/yg.nUeJA8wPMmrWGumU7/sONHq7Frc1ZnQvDiSffsW32zsHC',0,5,2,2015,'Add your profile summary here.',NULL,0,1,NULL,'2018-09-13 06:36:44','2018-09-13 06:36:44','1'),(47,'First Name','lname2140','se/2018/2140','semeeshahan@gmail.com2018/2140','$2y$10$Vh0r3WDi.gMgkBwq.34ipe3mZGQ9hfLNNhzRq0.qHHwZohCjB2.6u',0,5,1,2014,'Add your profile summary here.',NULL,0,1,NULL,'2018-09-13 06:36:44','2018-09-13 06:36:44','1'),(48,'First Name','lname2141','se/2018/2141','semeeshahan@gmail.com2018/2141','$2y$10$EpaNIHZCqB9No0mX5zP1AuVvsYmxeyj254HoIM9ibXEFOxwX.KYwu',0,1,2,2014,'Add your profile summary here.',NULL,0,1,NULL,'2018-09-13 06:36:44','2018-09-13 06:36:44','1'),(49,'First Name','lname2142','se/2018/2142','semeeshahan@gmail.com2018/2142','$2y$10$2Yvhd5zgUt4hj6P8LKhJm.nOedpTUx4y1VNS0eBYVEmM8bq5RQJVW',0,1,1,2014,'Add your profile summary here.',NULL,0,1,NULL,'2018-09-13 06:36:44','2018-09-13 06:36:44','1'),(50,'First Name','lname2143','se/2018/2143','semeeshahan@gmail.com2018/2143','$2y$10$PtzouR/gQkeoq2J/8jXVl.56/m.nP0BGgKo4GJPv7L9Naa8BFZZbu',0,2,2,2014,'Add your profile summary here.',NULL,0,1,NULL,'2018-09-13 06:36:45','2018-09-13 06:36:45','1'),(51,'First Name','lname2144','se/2018/2144','semeeshahan@gmail.com2018/2144','$2y$10$XIOqgKMaIxdWdfKuzpyKMuE2ehygN61ZiERNQzzgaGYmb6rMgimpC',0,2,1,2014,'Add your profile summary here.',NULL,0,1,NULL,'2018-09-13 06:36:45','2018-09-13 06:36:45','1'),(52,'First Name','lname2145','se/2018/2145','semeeshahan@gmail.com2018/2145','$2y$10$UKN5q1RJ8e6q8/I3SemNC.5ArgtAwZuTHMNr4sCZa1.M6pCLCFDV2',0,3,2,2014,'Add your profile summary here.',NULL,0,1,NULL,'2018-09-13 06:36:45','2018-09-13 06:36:45','1'),(53,'First Name','lname2146','se/2018/2146','semeeshahan@gmail.com2018/2146','$2y$10$JN76zUuvXYWJ5deUbx3Qbe5rBOYxiI2dWGmtvsivRLeBVowXvWxci',0,3,1,2014,'Add your profile summary here.',NULL,0,1,NULL,'2018-09-13 06:36:45','2018-09-13 06:36:45','1'),(54,'First Name','lname2147','se/2018/2147','semeeshahan@gmail.com2018/2147','$2y$10$TxtQmb17DUnW7O.2wD.owuKTrkssFx/BDRr8qbk3uPtAkekCtkp3W',0,4,2,2014,'Add your profile summary here.',NULL,0,1,NULL,'2018-09-13 06:36:45','2018-09-13 06:36:45','1'),(55,'First Name','lname2148','se/2018/2148','semeeshahan@gmail.com2018/2148','$2y$10$p..47Ovt4Y0HZeRQPe9sNOJ0A7IP75Gt7VgVtORQU9Tl4.CnJy2/G',0,1,1,2015,'Add your profile summary here.',NULL,0,1,NULL,'2018-09-13 06:36:45','2018-09-15 13:00:57','1'),(56,'First Name','Last Name','se/2018/2149','semeeshahan@gmail.com2018/2149',NULL,0,4,2,2014,'Add your profile summary here.',NULL,0,1,NULL,NULL,NULL,'1'),(57,'First Name','Last Name','SE/2018/2150','semeeshahan@gmail.com2018/2150',NULL,1,1,1,2018,'Add your profile summary here.',NULL,0,1,NULL,NULL,'2018-09-15 13:16:07','1'),(61,'Chinthaka','Chamara','BS/2012/174','hmcccd@gmail.com','$2y$10$Tba6gySeIzTLeoLrWf/qSedONNlXwJSBYNWmWL6r3s.c6C5EdpPH2',1,1,1,2012,'<p>Im&nbsp;chintha</p>',NULL,1,1,NULL,'2018-09-20 05:56:41','2018-09-20 10:05:56','1'),(64,'First Name','Last Name','se/2013/006','semadusanka@gmail.com','$2y$10$hyJ5MIDnroNsgCovc2oUWOGLxKX5fxqO1VAPazsx8zjVeksuJUxFu',1,1,2,2014,'<p>Add your profile summary here.&nbsp; I&#39;m a student of University of Kelaniya</p>',NULL,1,0,NULL,'2018-09-23 05:20:31','2018-09-25 00:20:13','1'),(67,'First Name','Last Name','se/2013/090','semeeshahansi@gmail.com','$2y$10$quj0wDdp4RQ4tSvspXdYMuR1AJd/8oVUa8dBF3dKJ6KpY2xT1BrXK',0,NULL,NULL,2018,'Add your profile summary here.',NULL,NULL,1,NULL,'2018-09-26 11:58:20','2018-09-26 11:58:20','1'),(73,'First Name','Last Name','se/2013/501','mail1@gmail.com','$2y$10$YIoWN/wZn8sy5YWLPMwnle4z0hKLsxv9Q.c.9E8gtoKS7UvJ1sIdi',1,NULL,NULL,2018,'Add your profile summary here.',NULL,NULL,1,NULL,'2018-10-03 07:36:56','2018-10-03 07:38:07','1'),(74,'First Name','Last Name','se/2013/502','mail2@gmail.com','$2y$10$OH95.0.Msm9ZEZXitMfvtujCIr7gPLaJPe0OIbrP58cQFzlXbT9Iq',1,NULL,NULL,2018,'Add your profile summary here.',NULL,NULL,1,NULL,'2018-10-03 07:38:28','2018-10-03 08:14:56','1'),(75,'First Name','Last Name','se/2013/503','mail3@gmail.com','$2y$10$gne.8juYcH3mGKPj.6GFKOXcELg6TqEBFt1pKpw2aeRDj1Y8TfZr6',1,NULL,NULL,2018,'Add your profile summary here.',NULL,NULL,1,NULL,'2018-10-03 07:38:35','2018-10-03 08:21:25','1'),(76,'First Name','Last Name','se/2013/504','mail4@gmail.com','$2y$10$JWxAGrjqggnqk/YxeW6jQ.aFi/kprHEX8eG..2zkgYWSiRH4puCHG',0,NULL,NULL,2018,'Add your profile summary here.',NULL,NULL,1,NULL,'2018-10-03 07:38:42','2018-10-03 07:38:42','1'),(77,'First Name','Last Name','se/2013/505','mail5@gmail.com','$2y$10$27rF.q2/GnDKB8KXssGjMuKHGxAple7G6/4tMrmQYPRx.fS.Sggfm',1,NULL,NULL,2018,'Add your profile summary here.',NULL,NULL,1,NULL,'2018-10-03 07:38:49','2018-10-03 08:29:30','1'),(78,'First Name','Last Name','se/2013/506','mail6@gmail.com','$2y$10$QNlmImu7iFwhOzVRqXFkJebHQdBkoHIXkvOoKMrQKju4ImPPoynO.',0,NULL,NULL,2018,'Add your profile summary here.',NULL,NULL,1,NULL,'2018-10-03 07:38:56','2018-10-03 07:38:56','1'),(79,'First Name','Last Name','se/2013/507','mail7@gmail.com','$2y$10$De5u6kNZGCu7Q0oQbagKmeX6F/Hx8I2bobB8wgsnfQ2xZ0IhBVs3W',0,NULL,NULL,2018,'Add your profile summary here.',NULL,NULL,1,NULL,'2018-10-03 07:39:05','2018-10-03 07:39:05','1'),(80,'First Name','Last Name','se/2013/508','mail8@gmail.com','$2y$10$BOAAvXen6tsJWsZ9IwgwWe7rbnEg3gP7JE5HOTGSwTVsiKEsO26Va',0,NULL,NULL,2018,'Add your profile summary here.',NULL,NULL,1,NULL,'2018-10-03 07:39:12','2018-10-03 07:39:12','1'),(81,'First Name','Last Name','se/2013/509','mail9@gmail.com','$2y$10$WusLVb1VaFhz6N.8D3q2Ge7eoDWrkAC7/pixn3JyetbDalCAVeqjG',0,NULL,NULL,2018,'Add your profile summary here.',NULL,NULL,1,NULL,'2018-10-03 07:39:20','2018-10-03 07:39:20','1'),(88,'First Name','Last Name','se/2013/2000','seentertaint@gmail.com','$2y$10$u2msvGC7GtOn3HXwSO4UbuPR3oEukLl7UkprgHwW5vio/heKJvP2y',1,5,1,2018,'Add your profile summary here.',NULL,1,1,NULL,'2018-10-03 11:32:59','2018-10-11 01:33:51','1');
/*!40000 ALTER TABLE `users` ENABLE KEYS */;
UNLOCK TABLES;

--
-- Table structure for table `users_activation`
--

DROP TABLE IF EXISTS `users_activation`;
/*!40101 SET @saved_cs_client     = @@character_set_client */;
/*!40101 SET character_set_client = utf8 */;
CREATE TABLE `users_activation` (
  `id` int(10) unsigned NOT NULL AUTO_INCREMENT,
  `id_user` int(10) unsigned NOT NULL,
  `code` varchar(191) COLLATE utf8mb4_unicode_ci NOT NULL,
  `create_at` timestamp NOT NULL DEFAULT CURRENT_TIMESTAMP,
  PRIMARY KEY (`id`),
  KEY `users_activation_id_user_foreign` (`id_user`),
  CONSTRAINT `users_activation_id_user_foreign` FOREIGN KEY (`id_user`) REFERENCES `users` (`id`) ON DELETE CASCADE
) ENGINE=InnoDB AUTO_INCREMENT=13 DEFAULT CHARSET=utf8mb4 COLLATE=utf8mb4_unicode_ci;
/*!40101 SET character_set_client = @saved_cs_client */;

--
-- Dumping data for table `users_activation`
--

LOCK TABLES `users_activation` WRITE;
/*!40000 ALTER TABLE `users_activation` DISABLE KEYS */;
INSERT INTO `users_activation` VALUES (3,67,'StHR','2018-09-26 17:28:20'),(7,76,'6awK','2018-10-03 13:08:42'),(9,78,'xtTt','2018-10-03 13:08:56'),(10,79,'i5l4','2018-10-03 13:09:05'),(11,80,'iDu5','2018-10-03 13:09:12'),(12,81,'QaxU','2018-10-03 13:09:20');
/*!40000 ALTER TABLE `users_activation` ENABLE KEYS */;
UNLOCK TABLES;
/*!40103 SET TIME_ZONE=@OLD_TIME_ZONE */;

/*!40101 SET SQL_MODE=@OLD_SQL_MODE */;
/*!40014 SET FOREIGN_KEY_CHECKS=@OLD_FOREIGN_KEY_CHECKS */;
/*!40014 SET UNIQUE_CHECKS=@OLD_UNIQUE_CHECKS */;
/*!40101 SET CHARACTER_SET_CLIENT=@OLD_CHARACTER_SET_CLIENT */;
/*!40101 SET CHARACTER_SET_RESULTS=@OLD_CHARACTER_SET_RESULTS */;
/*!40101 SET COLLATION_CONNECTION=@OLD_COLLATION_CONNECTION */;
/*!40111 SET SQL_NOTES=@OLD_SQL_NOTES */;

-- Dump completed on 2018-10-11 15:00:37
